,,,,,,,,,,,,,
,BUTTWELD FITTINGS  —  20 PRODUCTS,,,,,,,,,,,,
,,,,,,,,,,,,,
,,,,,,,,,,,,,
,1.  SS 304L / 316L 90° & 45° Buttweld Pipe Elbows,,,,,,,,,,,,
,Product ID,bw-ss-elbow,,,,,,,,,,,
,Sub-Category,Stainless Steel Buttweld Fittings,,,,,,,,,,,
,Card Spec Chips,ASME B16.9  |  Seamless & Welded  |  Sch 10S to Sch 160,,,,,,,,,,,
,Image File,/images/products/bw-ss-elbow.jpg,,,,,,,,,,,
,Price Shown (INR/Kg),₹320 INR / Kg,,,,,,,,,,,
,Data Source,PUBLISHED — real spec tables (SS 304/304L/304H Buttweld Fittings),,,,,,,,,,,
,Source Reference,https://www.champaksteel.com/stainless-steel-304-304l-304h-buttweld-fittings-manufacturer-exporter.html,,,,,,,,,,,
,Live Page,https://jyothi-metals.vercel.app/product-detail?id=bw-ss-elbow,,,,,,,,,,,
,,,,,,,,,,,,,
,TAB 1 — EQUIVALENT GRADES:  304/304L/304H Stainless Steel ASTM A403 Buttweld Fittings Equivalent Grades,,,,,,,,,,,,
,STANDARD,UNS,WNR.,AFNOR,EN,JIS,BS,GOST,,,,,
,SS 304,S30400,1.4301,Z7CN18-09,X5CrNi18-10,SUS 304,304S31,08Х18Н10,,,,,
,SS 304L,S30403,1.4306/1.4307,Z3CN18-10,X2CrNi18-9 / X2CrNi19-11,SUS 304L,304S11,03Х18Н11,,,,,
,SS 304H,S30409,1.4301,-,-,-,-,-,,,,,
,,,,,,,,,,,,,
,TAB 2 — CHEMICAL COMPOSITION:  Chemical Composition of SS 304/304L/304H Seamless and Welded Pipe Fittings,,,,,,,,,,,,
,,C,Mn,Si,P,S,Cr,Ni,N,,,,
,304,0.07max,2.0max,0.75max,0.045max,0.03max,min: 18.0 max: 20.0,min: 8.0 max: 10.5,NA,,,,
,304L,0.03max,2.0max,0.75max,0.045max,0.03max,min: 18.0 max: 20.0,min: 8.0 max: 12.0,0.10 max,,,,
,304H,0.04 - 0.10,2.00 max,0.75 max,0.045 max,0.030 max,18.00 - 20.00,8.0 - 10.5,0.10 max,,,,
,,,,,,,,,,,,,
,TAB 3 — MECHANICAL PROPERTIES:  Mechanical Properties Of ASME SA403 SS WP304 / 304L/ 304H Buttweld Pipe Fittings,,,,,,,,,,,,
,Grade,Tensile Strength ksi (min),Yield Strength 0.2% ksi (min),Elongation %,Hardness (Brinell) MAX,Hardness (Rockwell B) MAX,,,,,,,
,304,75,30,40,201,92,,,,,,,
,304L,70,25,40,201,92,,,,,,,
,304H,75,30,40,201,92,,,,,,,
,,,,,,,,,,,,,
,TAB 4 — PHYSICAL PROPERTIES:  Physical Properties of ASTM A403 Stainless Steel 304/304L/304H Pipe Fittings,,,,,,,,,,,,
,SS 304/304L,,,,,,,,,,,,
,Density lbₘ/in³,Thermal Conductivity (BTU/h ft. °F),Electrical Resistivity (in x 10⁻⁶),Modulus of Elasticity (psi x 10⁶,Coefficient of Thermal Expansion (in/in)/ °F x 10⁻⁶,Specific Heat (BTU/lb/ °F),Melting Range (°F),,,,,,
,at 68°F: 0.285,9.4 at 212°F,28.3 at 68°F,28,9.4 at 32 to 212°F,0.1200 at 68°F to 212°F,2500 to 2590,,,,,,
,,12.4 at 932 °F,39.4 at 752°F,,10.2 at 32 to 1000°F,,,,,,,,
,,,49.6 at 1652 °F,,10.4 at 32 to 1500°F,,,,,,,,
,SS 304H,,,,,,,,,,,,
,Denstiy lbₘ/in³,Coefficient of Thermal Expansion (min/in)-°F,,Thermal Conductivity BTU/hr-ft-°F,,Specific Heat BTU/lbₘ -°F,Modules of Elasticity (annealed)²-psi,,,,,,
,at 68 °F,at 68 to 212°F,at 68 to 1600°F,at 212°F,at 932°F,at 32 to 212°F,in tension (E),,,,,,
,0.285,9.2,11.0,9.4,12.4,0.12,29 x 10⁶,,,,,,
,,,,,,,,,,,,,
,TAB 5 — CERTIFIED APPLICATION INDUSTRIES,,,,,,,,,,,,
,1.  Petrochemical Industry,,,,,,,,,,,,
,2.  Oil and Gas Industry,,,,,,,,,,,,
,3.  Chemical Industry,,,,,,,,,,,,
,4.  Power Plant Industry,,,,,,,,,,,,
,5.  Energy Industry,,,,,,,,,,,,
,6.  Pharmaceuticals Industry,,,,,,,,,,,,
,7.  Pulp & Paper Industry,,,,,,,,,,,,
,8.  Food Processing Industry,,,,,,,,,,,,
,9.  Aerospace Industry,,,,,,,,,,,,
,10.  Refining Industry,,,,,,,,,,,,
,,,,,,,,,,,,,
,MANUFACTURING STANDARDS & SPECIFICATION:  Specification of SS 304/304L/304H Buttweld Fittings,,,,,,,,,,,,
,Specifications,ASTM A403 / ASME SA403,,,,,,,,,,,
,Dimensions,"ASME/ANSI B16.9, ASME B16.28, MSS-SP-43, BS4504, BS4504, BS1560, BS10 ASME 16.11, MSS SP-79, 83, 95, 97, BS 3799",,,,,,,,,,,
,Size,"Seamless Butt Weld Fittings : 1/2"" - 10"" | Welded Butt Weld Fittings : 1/2"" - 48""",,,,,,,,,,,
,Schedule,"SCH10, SCH20, SCH30, STD SCH40, SCH60, XS, SCH 80, SCH 100, SCH 120, SCH 140, SCH 160, XXS available with NACE MR 01-75",,,,,,,,,,,
,Bending Radius,"R=1D, 2D, 3D, 5D, 6D, 8D, 10D or Custom",,,,,,,,,,,
,Type,Seamless / ERW / Welded / Fabricated,,,,,,,,,,,
,Thickness,"20 Swg., 18 Swg., 16 Swg., 14 Swg., 12 Swg., 10 Swg., & Sch. 10, Sch. 40, Sch. 80 etc.",,,,,,,,,,,
,,,,,,,,,,,,,
,,,,,,,,,,,,,
,,,,,,,,,,,,,
,2.  SS 309/310/310S Buttweld Fittings,,,,,,,,,,,,
,Product ID,stainless-steel-310-310s-buttweld-fittings,,,,,,,,,,,
,Sub-Category,Stainless Steel Buttweld Fittings,,,,,,,,,,,
,Card Spec Chips,ASME SA403  |  UNS S30900  |  W.Nr. 1.4833,,,,,,,,,,,
,Image File,/images/products/stainless-steel-310-310s-buttweld-fittings.jpg,,,,,,,,,,,
,Price Shown (INR/Kg),₹280 INR / Kg,,,,,,,,,,,
,Data Source,PUBLISHED — real spec tables (Stainless Steel 309/310/310S Buttweld Fittings),,,,,,,,,,,
,Source Reference,https://www.champaksteel.com/stainless-steel-310-310s-buttweld-fittings-manufacturer-exporter.html,,,,,,,,,,,
,Live Page,https://jyothi-metals.vercel.app/product-detail?id=stainless-steel-310-310s-buttweld-fittings,,,,,,,,,,,
,,,,,,,,,,,,,
,TAB 1 — EQUIVALENT GRADES:  309/310/310S Stainless Steel ASTM A403 Buttweld Fittings Equivalent Grades,,,,,,,,,,,,
,STANDARD,UNS,WNR.,AFNOR,EN,JIS,BS,GOST,,,,,
,SS 309,S30900,1.4833,-,-,-,-,-,,,,,
,SS 310,S31000,1.4841,-,X2CrNi18-9 / X2CrNi19-11,SUS 310,310S24,20Ch25N20S2,,,,,
,SS 310S,S31008,1.4845,-,X8CrNi25-21,SUS 310S,310S16,20Ch23N18,,,,,
,,,,,,,,,,,,,
,TAB 2 — CHEMICAL COMPOSITION:  Chemical Composition of SS 309/310/310S Seamless and Welded Pipe Fittings,,,,,,,,,,,,
,Element,SS 309,SS 310,SS 310S,,,,,,,,,
,Ni,14 max,19 to 22,19 to 22,,,,,,,,,
,Cr,23 max,24 to 26,24 to 26,,,,,,,,,
,C,0.20 max,0.25 max,0.08 max,,,,,,,,,
,Fe,60 max,Balance,,,,,,,,,,
,Mn,2 max,2 max,2 max,,,,,,,,,
,Si,1 max,1.50 max,1.50 max,,,,,,,,,
,S,0.030 max,0.03 max,0.03 max,,,,,,,,,
,P,0.045 max,0.045 max,0.045 max,,,,,,,,,
,,,,,,,,,,,,,
,TAB 3 — MECHANICAL PROPERTIES:  Mechanical Properties Of ASME SA403 SS WP309 / 310/ 310S Buttweld Pipe Fittings,,,,,,,,,,,,
,Element,SS 309,SS 310,SS 310S,,,,,,,,,
,Tensile Strength,"Psi to 89900 , MPa to 620","Psi to 75000 , MPa to 515","Psi to 75000 , MPa to 515",,,,,,,,,
,Yield Strength (0.2%Offset),"Psi to 45000 , MPa to 310","Psi to 30000 , MPa to 205","Psi to 30000 , MPa to 205",,,,,,,,,
,Elongation,45 %,35 %,35 %,,,,,,,,,
,,,,,,,,,,,,,
,TAB 4 — PHYSICAL PROPERTIES:  Physical Properties of ASTM A403 Stainless Steel 309/310/310S Pipe Fittings,,,,,,,,,,,,
,,SS 309,SS 310,SS 310,,,,,,,,,
,Density,8.0 g/cm3,8.0 g/cm3,8.0 g/cm3,,,,,,,,,
,Melting Point,1455 °C (2650 °F),1454 °C (2650 °F),1454 °C (2650 °F),,,,,,,,,
,,,,,,,,,,,,,
,TAB 5 — CERTIFIED APPLICATION INDUSTRIES,,,,,,,,,,,,
,1.  Petrochemical Industry,,,,,,,,,,,,
,2.  Oil and Gas Industry,,,,,,,,,,,,
,3.  Chemical Industry,,,,,,,,,,,,
,4.  Power Plant Industry,,,,,,,,,,,,
,5.  Energy Industry,,,,,,,,,,,,
,6.  Pharmaceuticals Industry,,,,,,,,,,,,
,7.  Pulp & Paper Industry,,,,,,,,,,,,
,8.  Food Processing Industry,,,,,,,,,,,,
,9.  Aerospace Industry,,,,,,,,,,,,
,10.  Refining Industry,,,,,,,,,,,,
,,,,,,,,,,,,,
,MANUFACTURING STANDARDS & SPECIFICATION:  Specification of SS 309/310/310S Buttweld Fittings,,,,,,,,,,,,
,Specifications,ASTM A403 / ASME SA403,,,,,,,,,,,
,Dimensions,"ASME/ANSI B16.9, ASME B16.28, MSS-SP-43, BS4504, BS4504, BS1560, BS10 ASME 16.11, MSS SP-79, 83, 95, 97, BS 3799",,,,,,,,,,,
,Size,"Seamless Butt Weld Fittings : 1/2"" - 10"" | Welded Butt Weld Fittings : 1/2"" - 48""",,,,,,,,,,,
,Schedule,"SCH10, SCH20, SCH30, STD SCH40, SCH60, XS, SCH 80, SCH 100, SCH 120, SCH 140, SCH 160, XXS available with NACE MR 01-75",,,,,,,,,,,
,Bending Radius,"R=1D, 2D, 3D, 5D, 6D, 8D, 10D or Custom",,,,,,,,,,,
,Type,Seamless / ERW / Welded / Fabricated,,,,,,,,,,,
,Thickness,"20 Swg., 18 Swg., 16 Swg., 14 Swg., 12 Swg., 10 Swg., & Sch. 10, Sch. 40, Sch. 80 etc.",,,,,,,,,,,
,,,,,,,,,,,,,
,,,,,,,,,,,,,
,,,,,,,,,,,,,
,3.  SS 316/316L/316Ti Buttweld Fittings,,,,,,,,,,,,
,Product ID,stainless-steel-316-316l-316ti-buttweld-fittings,,,,,,,,,,,
,Sub-Category,Stainless Steel Buttweld Fittings,,,,,,,,,,,
,Card Spec Chips,ASME SA403  |  UNS S31600  |  W.Nr. 1.4401 / 1.4436,,,,,,,,,,,
,Image File,/images/products/stainless-steel-316-316l-316ti-buttweld-fittings.jpg,,,,,,,,,,,
,Price Shown (INR/Kg),₹320 INR / Kg,,,,,,,,,,,
,Data Source,PUBLISHED — real spec tables (Stainless Steel 316L Pipe Fittings),,,,,,,,,,,
,Source Reference,https://www.champaksteel.com/stainless-steel-316-316l-316ti-buttweld-fittings-manufacturer-exporter.html,,,,,,,,,,,
,Live Page,https://jyothi-metals.vercel.app/product-detail?id=stainless-steel-316-316l-316ti-buttweld-fittings,,,,,,,,,,,
,,,,,,,,,,,,,
,TAB 1 — EQUIVALENT GRADES:  316/316L/316Ti Stainless Steel ASTM A403 Buttweld Fittings Equivalent Grades,,,,,,,,,,,,
,STANDARD,UNS,WNR.,AFNOR,EN,JIS,BS,GOST,,,,,
,SS 316,S31600,1.4401 / 1.4436,Z7CND17-11-02,X5CrNiMo17-12-2 / X3CrNiMo17-13-3,SUS 316,316S31 / 316S33,-,,,,,
,SS 316L,S31603,1.4404 / 1.4435,Z3CND17-11-02 / Z3CND18-14-03,X2CrNiMo17-12-2 / X2CrNiMo18-14-3,SUS 316L,316S11 / 316S13,03Ch17N14M3 / 03Ch17N14M2,,,,,
,SS 316Ti,S31635,1.4571,Z6CNDT17-123,X6CrNiMoTi17-12-2,SUS 316Ti,320S31,08Ch17N13M2T,,,,,
,,,,,,,,,,,,,
,TAB 2 — CHEMICAL COMPOSITION:  Chemical Composition of SS 316/316L/316Ti Seamless and Welded Pipe Fittings,,,,,,,,,,,,
,Element,C,Mn,Si,P,S,Cr,Mo,Ni,N,,,
,316 (S31600),0.08 max,2.0 max,0.75 max,0.045 max,0.03 max,min: 16.0 max: 18.0,min: 2.0 max: 3.0,min: 10.0 max: 14.0,0.10 max,,,
,316L (S31603),0.03 max,2.0 max,0.75 max,0.045 max,0.03 max,min: 16.0 max: 18.0,min: 2.0 max: 3.0,min: 10.0 max: 14.0,0.10 max,,,
,316TI(S31635),-,-,-,-,-,16.0,2.00,10.0,-,,,
,,0.08,2,0.75,0.045,0.03,18.0,3.00,14.0,0.1,,,
,,,,,,,,,,,,,
,TAB 3 — MECHANICAL PROPERTIES:  Mechanical Properties Of ASME SA403 SS WP316 / 316L/ 316Ti Buttweld Pipe Fittings,,,,,,,,,,,,
,Grade,Tensile Strength ksi (min),Yield Strength 0.2% ksi (min),Elongation %,Hardness (Brinell) MAX,Hardness (Rockwell B) MAX,,,,,,,
,316,75,30,40,217,95,,,,,,,
,316L,70,25,40,217,95,,,,,,,
,316TI,515(Mpa),205(Mpa),35,205,75,,,,,,,
,,,,,,,,,,,,,
,TAB 4 — PHYSICAL PROPERTIES:  Physical Properties of ASTM A403 Stainless Steel 316/316L/316Ti Pipe Fittings,,,,,,,,,,,,
,Density lbₘ/in³,Thermal Conductivity (BTU/h ft. °F),Electrical Resistivity (in x 10⁻⁶),Modulus of Elasticity (psi x 10⁶,Coefficient of Thermal Expansion (in/in)/°F x 10⁻⁶,Specific Heat (BTU/lb/°F),Melting Range (°F),,,,,,
,0.29 at 68°F,100.8 at 68 212°F,29.1 at 68°F,29,8.9 at 32 to 212°F,0.108 at 68°F,2500 to 2550,,,,,,
,,,,,9.7 at 32 to 1000°F,0.116 at 200°F,,,,,,,
,,,,,11.1 at 32 to 1500°F,,,,,,,,
,,,,,,,,,,,,,
,TAB 5 — CERTIFIED APPLICATION INDUSTRIES,,,,,,,,,,,,
,1.  Petrochemical Industry,,,,,,,,,,,,
,2.  Oil and Gas Industry,,,,,,,,,,,,
,3.  Chemical Industry,,,,,,,,,,,,
,4.  Power Plant Industry,,,,,,,,,,,,
,5.  Energy Industry,,,,,,,,,,,,
,6.  Pharmaceuticals Industry,,,,,,,,,,,,
,7.  Pulp & Paper Industry,,,,,,,,,,,,
,8.  Food Processing Industry,,,,,,,,,,,,
,9.  Aerospace Industry,,,,,,,,,,,,
,10.  Refining Industry,,,,,,,,,,,,
,,,,,,,,,,,,,
,MANUFACTURING STANDARDS & SPECIFICATION:  Specification of SS 316/316L/316Ti Buttweld Fittings,,,,,,,,,,,,
,Specifications,ASTM A403 / ASME SA403,,,,,,,,,,,
,Dimensions,"ASME/ANSI B16.9, ASME B16.28, MSS-SP-43, BS4504, BS4504, BS1560, BS10 ASME 16.11, MSS SP-79, 83, 95, 97, BS 3799",,,,,,,,,,,
,Size,"Seamless Butt Weld Fittings : 1/2"" - 10"" | Welded Butt Weld Fittings : 1/2"" - 48""",,,,,,,,,,,
,Schedule,"SCH10, SCH20, SCH30, STD SCH40, SCH60, XS, SCH 80, SCH 100, SCH 120, SCH 140, SCH 160, XXS available with NACE MR 01-75",,,,,,,,,,,
,Bending Radius,"R=1D, 2D, 3D, 5D, 6D, 8D, 10D or Custom",,,,,,,,,,,
,Type,Seamless / ERW / Welded / Fabricated,,,,,,,,,,,
,Thickness,"20 Swg., 18 Swg., 16 Swg., 14 Swg., 12 Swg., 10 Swg., & Sch. 10, Sch. 40, Sch. 80 etc.",,,,,,,,,,,
,,,,,,,,,,,,,
,,,,,,,,,,,,,
,,,,,,,,,,,,,
,4.  SS 317/317L Buttweld Fittings,,,,,,,,,,,,
,Product ID,stainless-steel-317-317l-buttweld-fittings,,,,,,,,,,,
,Sub-Category,Stainless Steel Buttweld Fittings,,,,,,,,,,,
,Card Spec Chips,ASTM A403  |  UNS S31700  |  W.Nr. 1.4449,,,,,,,,,,,
,Image File,/images/products/stainless-steel-317-317l-buttweld-fittings.jpg,,,,,,,,,,,
,Price Shown (INR/Kg),₹280 INR / Kg,,,,,,,,,,,
,Data Source,PUBLISHED — real spec tables (Stainless Steel 317/ 317L Buttweld Fittings),,,,,,,,,,,
,Source Reference,https://www.champaksteel.com/stainless-steel-317-317l-buttweld-fittings-manufacturer-exporter.html,,,,,,,,,,,
,Live Page,https://jyothi-metals.vercel.app/product-detail?id=stainless-steel-317-317l-buttweld-fittings,,,,,,,,,,,
,,,,,,,,,,,,,
,TAB 1 — EQUIVALENT GRADES:  317/ 317L Stainless Steel ASTM A403 Buttweld Fittings Equivalent Grades,,,,,,,,,,,,
,STANDARD,UNS,WNR.,EN,JIS,,,,,,,,
,SS 317,S31700,1.4449,-,SUS 317,,,,,,,,
,SS 317L,S31703,1.4438,X2CrNiMo18-15-4,SUS 317L,,,,,,,,
,,,,,,,,,,,,,
,TAB 2 — CHEMICAL COMPOSITION:  Chemical Composition of Stainless Steel 317/ 317L Seamless and Welded Pipe Fittings,,,,,,,,,,,,
,Grade,C,Mn,Si,P,S,Cr,Mo,Ni,N,,,
,317,0.08 max,2 max,1 max,0.040 max,0.03 max,18 to 20,3 to 4,11 to 14,-,,,
,317L,0.035 max,2 max,1 max,0.040 max,0.03 max,18 to 20,3 to 4,11 to 15,-,,,
,,,,,,,,,,,,,
,TAB 3 — MECHANICAL PROPERTIES:  Mechanical Properties Of ASME SA403 SS WP317 / 317L Buttweld Pipe Fittings,,,,,,,,,,,,
,Density,8.0 g/cm3,,,,,,,,,,,
,Melting Point,1454 °C (2650 °F),,,,,,,,,,,
,Tensile Strength,"Psi to 75000 , MPa to 515",,,,,,,,,,,
,Yield Strength (0.2%Offset),"Psi to 30000 , MPa to 205",,,,,,,,,,,
,Elongation,35 %,,,,,,,,,,,
,,,,,,,,,,,,,
,TAB 4 — PHYSICAL PROPERTIES:  Physical Properties of ASTM A403 Stainless Steel 317 / 317L Pipe Fittings,,,,,,,,,,,,
,Physical Properties (Room Temperature),,,,,,,,,,,,
,Specific Heat (0-100°C),500,J.kg-1.°K-1,,,,,,,,,,
,Thermal Conductivity,14.6,W.m -1.°K-1,,,,,,,,,,
,Thermal Expansion,16.5,mm/m/°C,,,,,,,,,,
,Modulus Elasticity,193,GPa,,,,,,,,,,
,Electrical Resistivity,7.4,Î¼ohm/cm,,,,,,,,,,
,Density,7.99,g/cm3,,,,,,,,,,
,,,,,,,,,,,,,
,TAB 5 — CERTIFIED APPLICATION INDUSTRIES,,,,,,,,,,,,
,1.  Petrochemical Industry,,,,,,,,,,,,
,2.  Oil and Gas Industry,,,,,,,,,,,,
,3.  Chemical Industry,,,,,,,,,,,,
,4.  Power Plant Industry,,,,,,,,,,,,
,5.  Energy Industry,,,,,,,,,,,,
,6.  Pharmaceuticals Industry,,,,,,,,,,,,
,7.  Pulp & Paper Industry,,,,,,,,,,,,
,8.  Food Processing Industry,,,,,,,,,,,,
,9.  Aerospace Industry,,,,,,,,,,,,
,10.  Refining Industry,,,,,,,,,,,,
,,,,,,,,,,,,,
,MANUFACTURING STANDARDS & SPECIFICATION:  Specification of SS 317/ 317L Buttweld Fittings,,,,,,,,,,,,
,Specifications,ASTM A403 / ASME SA403,,,,,,,,,,,
,Dimensions,"ASME/ANSI B16.9, ASME B16.28, MSS-SP-43, BS4504, BS4504, BS1560, BS10 ASME 16.11, MSS SP-79, 83, 95, 97, BS 3799",,,,,,,,,,,
,Size,"Seamless Butt Weld Fittings : 1/2"" - 10"" | Welded Butt Weld Fittings : 1/2"" - 48""",,,,,,,,,,,
,Schedule,"SCH10, SCH20, SCH30, STD SCH40, SCH60, XS, SCH 80, SCH 100, SCH 120, SCH 140, SCH 160, XXS available with NACE MR 01-75",,,,,,,,,,,
,Bending Radius,"R=1D, 2D, 3D, 5D, 6D, 8D, 10D or Custom",,,,,,,,,,,
,Type,Seamless / ERW / Welded / Fabricated,,,,,,,,,,,
,Thickness,"20 Swg., 18 Swg., 16 Swg., 14 Swg., 12 Swg., 10 Swg., & Sch. 10, Sch. 40, Sch. 80 etc.",,,,,,,,,,,
,,,,,,,,,,,,,
,,,,,,,,,,,,,
,,,,,,,,,,,,,
,5.  SS 321/321H Buttweld Fittings,,,,,,,,,,,,
,Product ID,stainless-steel-321-321h-buttweld-fittings,,,,,,,,,,,
,Sub-Category,Stainless Steel Buttweld Fittings,,,,,,,,,,,
,Card Spec Chips,ASTM A403  |  UNS S32100  |  W.Nr. 1.4541,,,,,,,,,,,
,Image File,/images/products/stainless-steel-321-321h-buttweld-fittings.jpg,,,,,,,,,,,
,Price Shown (INR/Kg),₹280 INR / Kg,,,,,,,,,,,
,Data Source,PUBLISHED — real spec tables (Stainless Steel 321/321H Buttweld Fittings),,,,,,,,,,,
,Source Reference,https://www.champaksteel.com/stainless-steel-321-321h-buttweld-fittings-manufacturer-exporter.html,,,,,,,,,,,
,Live Page,https://jyothi-metals.vercel.app/product-detail?id=stainless-steel-321-321h-buttweld-fittings,,,,,,,,,,,
,,,,,,,,,,,,,
,TAB 1 — EQUIVALENT GRADES:  321/321H Stainless Steel ASTM A403 Buttweld Fittings Equivalent Grades,,,,,,,,,,,,
,STANDARD,UNS,WNR.,EN,JIS,,,,,,,,
,SS 321,S32100,1.4541,X6CrNiTi18-10,SUS 321,,,,,,,,
,SS 321H,S32109,1.4878,X12CrNiTi18-9,SUS 321H,,,,,,,,
,,,,,,,,,,,,,
,TAB 2 — CHEMICAL COMPOSITION:  Chemical Composition of Stainless Steel 321/321H Seamless and Welded Pipe Fittings,,,,,,,,,,,,
,%,Cr,Ni,C,Si,Mn,P,S,N,Ti,Fe,,
,321,min:17.0 max:19.0,min: 9.0 max:12.0,max:0.08,max:0.75,max:2.0,max:0.045,max:0.03,max:0.10,min:5*(C+N) max:0.70,Balance,,
,321H,min:17.0 max:19.0,min: 9.0 max:12.0,min:0.04 max:0.10,max:0.75,max:2.0,max:0.045,max:0.03,max:0.10,min:5*(C+N) max:0.70,Balance,,
,,,,,,,,,,,,,
,TAB 3 — MECHANICAL PROPERTIES:  Mechanical Properties Of ASME SA403 SS WP321 / 321H Buttweld Pipe Fittings,,,,,,,,,,,,
,Grade,Tensile Strength ksi (min.),Yield Strength 0.2% Offset ksi (min.),Elongation - % in 50 mm (min.),Hardness (Brinell) MAX,,,,,,,,
,321/321H,75,30,40,217,,,,,,,,
,,,,,,,,,,,,,
,TAB 4 — PHYSICAL PROPERTIES:  Physical Properties of ASTM A403 Stainless Steel 321 / 321H Pipe Fittings,,,,,,,,,,,,
,Denstiy lbₘ/in³,Coefficient of Thermal Expansion (min/in)-°F,,Thermal Conductivity BTU/hr-ft-°F,Specific Heat BTU/lbₘ -°F,Modules of Elasticity (annealed)²-psi,,,,,,,
,at 68 °F,at 68 to 212°F,at 68 to 1832°F,at 200°F,at 32 to 212°F,in tension (E),,,,,,,
,0.286,9.2,20.5,9.3,0.12,28 x 10⁶,,,,,,,
,,,,,,,,,,,,,
,TAB 5 — CERTIFIED APPLICATION INDUSTRIES,,,,,,,,,,,,
,1.  Petrochemical Industry,,,,,,,,,,,,
,2.  Oil and Gas Industry,,,,,,,,,,,,
,3.  Chemical Industry,,,,,,,,,,,,
,4.  Power Plant Industry,,,,,,,,,,,,
,5.  Energy Industry,,,,,,,,,,,,
,6.  Pharmaceuticals Industry,,,,,,,,,,,,
,7.  Pulp & Paper Industry,,,,,,,,,,,,
,8.  Food Processing Industry,,,,,,,,,,,,
,9.  Aerospace Industry,,,,,,,,,,,,
,10.  Refining Industry,,,,,,,,,,,,
,,,,,,,,,,,,,
,MANUFACTURING STANDARDS & SPECIFICATION:  Specification of SS 321/321H Buttweld Fittings,,,,,,,,,,,,
,Specifications,ASTM A403 / ASME SA403,,,,,,,,,,,
,Dimensions,"ASME/ANSI B16.9, ASME B16.28, MSS-SP-43, BS4504, BS4504, BS1560, BS10 ASME 16.11, MSS SP-79, 83, 95, 97, BS 3799",,,,,,,,,,,
,Size,"Seamless Butt Weld Fittings : 1/2"" - 10"" | Welded Butt Weld Fittings : 1/2"" - 48""",,,,,,,,,,,
,Schedule,"SCH10, SCH20, SCH30, STD SCH40, SCH60, XS, SCH 80, SCH 100, SCH 120, SCH 140, SCH 160, XXS available with NACE MR 01-75",,,,,,,,,,,
,Bending Radius,"R=1D, 2D, 3D, 5D, 6D, 8D, 10D or Custom",,,,,,,,,,,
,Type,Seamless / ERW / Welded / Fabricated,,,,,,,,,,,
,Thickness,"20 Swg., 18 Swg., 16 Swg., 14 Swg., 12 Swg., 10 Swg., & Sch. 10, Sch. 40, Sch. 80 etc.",,,,,,,,,,,
,,,,,,,,,,,,,
,,,,,,,,,,,,,
,,,,,,,,,,,,,
,6.  SS 347/347H Buttweld Fittings,,,,,,,,,,,,
,Product ID,stainless-steel-347-347h-buttweld-fittings,,,,,,,,,,,
,Sub-Category,Stainless Steel Buttweld Fittings,,,,,,,,,,,
,Card Spec Chips,ASTM A403  |  UNS S34700  |  W.Nr. 1.4550,,,,,,,,,,,
,Image File,/images/products/stainless-steel-347-347h-buttweld-fittings.jpg,,,,,,,,,,,
,Price Shown (INR/Kg),₹280 INR / Kg,,,,,,,,,,,
,Data Source,PUBLISHED — real spec tables (Stainless Steel 347/347H Buttweld Fittings),,,,,,,,,,,
,Source Reference,https://www.champaksteel.com/stainless-steel-347-347h-buttweld-fittings-manufacturer-exporter.html,,,,,,,,,,,
,Live Page,https://jyothi-metals.vercel.app/product-detail?id=stainless-steel-347-347h-buttweld-fittings,,,,,,,,,,,
,,,,,,,,,,,,,
,TAB 1 — EQUIVALENT GRADES:  347/347H Stainless Steel ASTM A403 Buttweld Fittings Equivalent Grades,,,,,,,,,,,,
,STANDARD,UNS,WNR.,EN,JIS,GOST,,,,,,,
,SS 347,S34700,1.4550,X6CrNiNb18-10,SUS 347,08Ch18N12B,,,,,,,
,SS 347H,S34709,1.4961,X6CrNiNb18-12,SUS 347H,-,,,,,,,
,,,,,,,,,,,,,
,TAB 2 — CHEMICAL COMPOSITION:  Chemical Composition of Stainless Steel 347/347H Seamless and Welded Pipe Fittings,,,,,,,,,,,,
,Element,C,Cr,Mn,Ni,P,S,Si,Cb/Ta,,,,
,SS 347,0.08 max,min: 17.0 max: 20.0,2.0 max,min: 9.0 max: 13.0,0.04 max,0.30 max,0.75 max,min:10x C max: 1.0,,,,
,SS 347H,min: 0.04 max: 0.10,min: 17.0 max: 20.0,2.0 max,min: 9.0 max: 13.0,0.03 max,0.30 max,0.75 max,min:10x C max: 1.0,,,,
,,,,,,,,,,,,,
,TAB 3 — MECHANICAL PROPERTIES:  Mechanical Properties Of ASME SA403 SS WP347 / 347H Buttweld Pipe Fittings,,,,,,,,,,,,
,Grade,Tensile Strength ksi (MPa) min,Yield Strength 0.2% ksi offset ksi (MPa) min,Elongation (% in 50mm) min,Hardness (Brinell) MAX,Hardness (Rockwell B) MAX,,,,,,,
,347/347H,75 (515),30 (205),40,201,95,,,,,,,
,,,,,,,,,,,,,
,TAB 4 — PHYSICAL PROPERTIES:  Physical Properties of ASTM A403 Stainless Steel 347 / 347H Pipe Fittings,,,,,,,,,,,,
,Density lbₘ/in³,Coefficient of Thermal Expansion (min/in)-°F,,Thermal Conductivity BTU/hr-ft-°F,Specific Heat BTU/lbₘ -°F,Modules of Elasticity (annealed)²-psi,,,,,,,
,at 68 °F,at 68 to 212°F,at 68 to 1832°F,68-932°F,at 32 to 212°F,in tension (E),,,,,,,
,0.288,9.2,11.4,14.7,0.12,28 x 10⁶,,,,,,,
,,,,,,,,,,,,,
,TAB 5 — CERTIFIED APPLICATION INDUSTRIES,,,,,,,,,,,,
,1.  Petrochemical Industry,,,,,,,,,,,,
,2.  Oil and Gas Industry,,,,,,,,,,,,
,3.  Chemical Industry,,,,,,,,,,,,
,4.  Power Plant Industry,,,,,,,,,,,,
,5.  Energy Industry,,,,,,,,,,,,
,6.  Pharmaceuticals Industry,,,,,,,,,,,,
,7.  Pulp & Paper Industry,,,,,,,,,,,,
,8.  Food Processing Industry,,,,,,,,,,,,
,9.  Aerospace Industry,,,,,,,,,,,,
,10.  Refining Industry,,,,,,,,,,,,
,,,,,,,,,,,,,
,MANUFACTURING STANDARDS & SPECIFICATION:  Specification of SS 347/347H Buttweld Fittings,,,,,,,,,,,,
,Specifications,ASTM A403 / ASME SA403,,,,,,,,,,,
,Dimensions,"ASME/ANSI B16.9, ASME B16.28, MSS-SP-43, BS4504, BS4504, BS1560, BS10 ASME 16.11, MSS SP-79, 83, 95, 97, BS 3799",,,,,,,,,,,
,Size,"Seamless Butt Weld Fittings : 1/2"" - 10"" | Welded Butt Weld Fittings : 1/2"" - 48""",,,,,,,,,,,
,Schedule,"SCH10, SCH20, SCH30, STD SCH40, SCH60, XS, SCH 80, SCH 100, SCH 120, SCH 140, SCH 160, XXS available with NACE MR 01-75",,,,,,,,,,,
,Bending Radius,"R=1D, 2D, 3D, 5D, 6D, 8D, 10D or Custom",,,,,,,,,,,
,Type,Seamless / ERW / Welded / Fabricated,,,,,,,,,,,
,Thickness,"20 Swg., 18 Swg., 16 Swg., 14 Swg., 12 Swg., 10 Swg., & Sch. 10, Sch. 40, Sch. 80 etc.",,,,,,,,,,,
,,,,,,,,,,,,,
,,,,,,,,,,,,,
,,,,,,,,,,,,,
,7.  SS 904L Buttweld Fittings,,,,,,,,,,,,
,Product ID,stainless-steel-904l-buttweld-fittings,,,,,,,,,,,
,Sub-Category,Stainless Steel Buttweld Fittings,,,,,,,,,,,
,Card Spec Chips,ASME SA366  |  UNS N08904  |  W.Nr. 1.4539,,,,,,,,,,,
,Image File,/images/products/stainless-steel-904l-buttweld-fittings.jpg,,,,,,,,,,,
,Price Shown (INR/Kg),₹280 INR / Kg,,,,,,,,,,,
,Data Source,PUBLISHED — real spec tables (Stainless Steel 904L Buttweld Fittings),,,,,,,,,,,
,Source Reference,https://www.champaksteel.com/stainless-steel-904l-buttweld-fittings-manufacturer-exporter.html,,,,,,,,,,,
,Live Page,https://jyothi-metals.vercel.app/product-detail?id=stainless-steel-904l-buttweld-fittings,,,,,,,,,,,
,,,,,,,,,,,,,
,TAB 1 — EQUIVALENT GRADES:  904L Stainless Steel ASTM A366 Buttweld Fittings Equivalent Grades,,,,,,,,,,,,
,STANDARD,WERKSTOFF NR.,UNS,JIS,KS,BS,AFNOR,EN,,,,,
,SS 904L,1.4539,N08904,SUS 904L,STS 317J5L,904S13,Z2 NCDU 25-20,X1NiCrMoCu25-20-5,,,,,
,,,,,,,,,,,,,
,TAB 2 — CHEMICAL COMPOSITION:  Chemical Composition of Stainless Steel 904L Seamless and Welded Pipe Fittings,,,,,,,,,,,,
,C,Cr,Cu,Mn,Mo,Ni,P,S,,,,,
,Max,,,Max,,,Max,Max,,,,,
,0.02,19.0-23.0,2.0,4.0-5.0,23.0-28.0,0.045,0.035,1.0,,,,,
,,,,,,,,,,,,,
,TAB 3 — MECHANICAL PROPERTIES:  Mechanical Properties Of ASME SA366 SS WP904L Buttweld Pipe Fittings,,,,,,,,,,,,
,Grade,Tensile Strength (MPa) min,Yield Strength 0.2% Proof (MPa) min,Elongation (% in 50mm) min,Hardness,,,,,,,,
,,,,,Rockwell B (HR B),Brinell (HB),,,,,,,
,904L,490,220,36,70-90 typical,150,,,,,,,
,,,,,,,,,,,,,
,TAB 4 — PHYSICAL PROPERTIES:  Physical Properties of ASTM A366 Stainless Steel 904L Pipe Fittings,,,,,,,,,,,,
,Grade,Density (kg/m³),Elastic Modulus (GPa),Mean Co-eff of Thermal Expansion (µm/m/°C),,,Thermal Conductivity (W/m.K),,Specific Heat 0-100°C (J/kg.K),Elec Resistivity (nÎ©.m),,,
,,,,0-100°C,0-315°C,0-538°C,At 20°C,At 500°C,,,,,
,904L,7900,190,15,-,-,11.5,-,500,952,,,
,,,,,,,,,,,,,
,TAB 5 — CERTIFIED APPLICATION INDUSTRIES,,,,,,,,,,,,
,1.  Petrochemical Industry,,,,,,,,,,,,
,2.  Oil and Gas Industry,,,,,,,,,,,,
,3.  Chemical Industry,,,,,,,,,,,,
,4.  Power Plant Industry,,,,,,,,,,,,
,5.  Energy Industry,,,,,,,,,,,,
,6.  Pharmaceuticals Industry,,,,,,,,,,,,
,7.  Pulp & Paper Industry,,,,,,,,,,,,
,8.  Food Processing Industry,,,,,,,,,,,,
,9.  Aerospace Industry,,,,,,,,,,,,
,10.  Refining Industry,,,,,,,,,,,,
,,,,,,,,,,,,,
,MANUFACTURING STANDARDS & SPECIFICATION:  Specification of SS 904L Buttweld Fittings,,,,,,,,,,,,
,Specifications,ASTM A366 / ASME SA366,,,,,,,,,,,
,Dimensions,"ASME/ANSI B16.9, ASME B16.28, MSS-SP-43, BS4504, BS4504, BS1560, BS10 ASME 16.11, MSS SP-79, 83, 95, 97, BS 3799",,,,,,,,,,,
,Size,"Seamless Butt Weld Fittings : 1/2"" - 10"" | Welded Butt Weld Fittings : 1/2"" - 48""",,,,,,,,,,,
,Schedule,"SCH10, SCH20, SCH30, STD SCH40, SCH60, XS, SCH 80, SCH 100, SCH 120, SCH 140, SCH 160, XXS available with NACE MR 01-75",,,,,,,,,,,
,Bending Radius,"R=1D, 2D, 3D, 5D, 6D, 8D, 10D or Custom",,,,,,,,,,,
,Type,Seamless / ERW / Welded / Fabricated,,,,,,,,,,,
,Thickness,"20 Swg., 18 Swg., 16 Swg., 14 Swg., 12 Swg., 10 Swg., & Sch. 10, Sch. 40, Sch. 80 etc.",,,,,,,,,,,
,,,,,,,,,,,,,
,,,,,,,,,,,,,
,,,,,,,,,,,,,
,8.  Duplex Steel S31803/S32205 Buttweld Fittings,,,,,,,,,,,,
,Product ID,duplex-steel-uns-s31803-2205-buttweld-fittings,,,,,,,,,,,
,Sub-Category,Duplex / Super Duplex Buttweld Fittings,,,,,,,,,,,
,Card Spec Chips,ASTM A815  |  UNS S31803 / S32205  |  W.Nr. 1.4462,,,,,,,,,,,
,Image File,/images/products/duplex-steel-uns-s31803-2205-buttweld-fittings.jpg,,,,,,,,,,,
,Price Shown (INR/Kg),₹480 INR / Kg,,,,,,,,,,,
,Data Source,PUBLISHED — real spec tables (Duplex Steel S31803/S32205 Buttweld Fittings),,,,,,,,,,,
,Source Reference,https://www.champaksteel.com/duplex-steel-uns-s31803-2205-buttweld-fittings-manufacturer-exporter.html,,,,,,,,,,,
,Live Page,https://jyothi-metals.vercel.app/product-detail?id=duplex-steel-uns-s31803-2205-buttweld-fittings,,,,,,,,,,,
,,,,,,,,,,,,,
,"TAB 1 — EQUIVALENT GRADES:  Grade S31803 Duplex Steel Piggable Bend Stockist, MSS SP-43 or MSS SP-79 Duplex Steel Welded Pipe Fittings, Duplex Steel ASTM A815 Fittings, DIN 1.4462 LR/ SR Elbow Trader, Duplex Steel S31803 & S32205 Reducer Dealer, UNS S32205 Duplex Buttweld Elbow, ANSI B16.28 Duplex 2205 Equal/ Reducing Tee Supplier in India.",,,,,,,,,,,,
,STANDARD,UNS,WNR.,,,,,,,,,,
,Duplex Steel 2205,S31803 / S32205,1.4462,,,,,,,,,,
,,,,,,,,,,,,,
,TAB 2 — CHEMICAL COMPOSITION:  Chemical Composition of Duplex Steel Seamless and Welded Pipe Fittings,,,,,,,,,,,,
,Grade,Common Name,C%,Mn%,Si%,P%,S%,Cr%,Ni%,Mo%,N%,,
,2205,S31803,0.030,2.00,1.00,0.030,0.020,21.0-23.0,4.5-6.5,2.5-3.5,0.08-0.20,,
,,S32205,0.030,2.00,1.00,0.030,0.020,22.0-23.0,4.5-6.5,3.0-3.5,0.14-0.20,,
,,,,,,,,,,,,,
,TAB 3 — MECHANICAL PROPERTIES:  Mechanical Properties Of ASME SA815 Duplex Steel Buttweld Pipe Fittings,,,,,,,,,,,,
,"Tensile Strength, ksi",90 min,,,,,,,,,,,
,"0.2% Yield Strength, ksi",65 min,,,,,,,,,,,
,"Elongation, %",25 min,,,,,,,,,,,
,Hardness [HRC],293 max,,,,,,,,,,,
,,,,,,,,,,,,,
,TAB 4 — PHYSICAL PROPERTIES:  Physical Properties of Duplex Steel S31803 & S32205 Buttweld Fittings,,,,,,,,,,,,
,,Density lbm/in3,Electrical Resistivity mW•in,Thermal Conductivity (BTU/hr•ft•°F),Heat Capacity BTU/lbm•°F,Electrical Resistivity (in x 10-6),,,,,,,
,at 68°F,0.278,27.6,8.7,0.112,33.5,,,,,,,
,at 212°F,,26.1,9.2,0.119,35.4,,,,,,,
,at 392°F,,25.4,9.8,0.127,37.4,,,,,,,
,at 572°F,,24.9,10.4,0.134,39.4,,,,,,,
,,,,,,,,,,,,,
,TAB 5 — CERTIFIED APPLICATION INDUSTRIES,,,,,,,,,,,,
,1.  Petrochemical Industry,,,,,,,,,,,,
,2.  Oil and Gas Industry,,,,,,,,,,,,
,3.  Chemical Industry,,,,,,,,,,,,
,4.  Power Plant Industry,,,,,,,,,,,,
,5.  Energy Industry,,,,,,,,,,,,
,6.  Pharmaceuticals Industry,,,,,,,,,,,,
,7.  Pulp & Paper Industry,,,,,,,,,,,,
,8.  Food Processing Industry,,,,,,,,,,,,
,9.  Aerospace Industry,,,,,,,,,,,,
,10.  Refining Industry,,,,,,,,,,,,
,,,,,,,,,,,,,
,MANUFACTURING STANDARDS & SPECIFICATION:  Specification of Duplex Steel Buttweld Fittings,,,,,,,,,,,,
,Specifications,ASTM A815 / ASME SA815,,,,,,,,,,,
,Dimensions,"ASME/ANSI B16.9, ASME B16.28, MSS-SP-43, BS4504, BS4504, BS1560, BS10 ASME 16.11, MSS SP-79, 83, 95, 97, BS 3799",,,,,,,,,,,
,Size,"Seamless Butt Weld Fittings : 1/2"" - 10"" | Welded Butt Weld Fittings : 1/2"" - 48""",,,,,,,,,,,
,Schedule,"SCH10, SCH20, SCH30, STD SCH40, SCH60, XS, SCH 80, SCH 100, SCH 120, SCH 140, SCH 160, XXS available with NACE MR 01-75",,,,,,,,,,,
,Bending Radius,"R=1D, 2D, 3D, 5D, 6D, 8D, 10D or Custom",,,,,,,,,,,
,Type,Seamless / ERW / Welded / Fabricated,,,,,,,,,,,
,Thickness,"20 Swg., 18 Swg., 16 Swg., 14 Swg., 12 Swg., 10 Swg., & Sch. 10, Sch. 40, Sch. 80 etc.",,,,,,,,,,,
,,,,,,,,,,,,,
,,,,,,,,,,,,,
,,,,,,,,,,,,,
,9.  Super Duplex S32750/S32760 Buttweld Fittings,,,,,,,,,,,,
,Product ID,super-duplex-steel-uns-s32750-2507-buttweld-fittings,,,,,,,,,,,
,Sub-Category,Duplex / Super Duplex Buttweld Fittings,,,,,,,,,,,
,Card Spec Chips,ASTM A815  |  UNS S32760 / S32750  |  W.Nr. 1.4410,,,,,,,,,,,
,Image File,/images/products/super-duplex-steel-uns-s32750-2507-buttweld-fittings.jpg,,,,,,,,,,,
,Price Shown (INR/Kg),₹480 INR / Kg,,,,,,,,,,,
,Data Source,PUBLISHED — real spec tables (Super Duplex S32750/S32760 Buttweld Fittings),,,,,,,,,,,
,Source Reference,https://www.champaksteel.com/super-duplex-steel-uns-s32750-2507-buttweld-fittings-manufacturer-exporter.html,,,,,,,,,,,
,Live Page,https://jyothi-metals.vercel.app/product-detail?id=super-duplex-steel-uns-s32750-2507-buttweld-fittings,,,,,,,,,,,
,,,,,,,,,,,,,
,TAB 1 — EQUIVALENT GRADES:  S32750/S32760 Super Duplex Steel ASTM A815 Buttweld Fittings Equivalent Grades,,,,,,,,,,,,
,STANDARD,UNS,WNR.,,,,,,,,,,
,Super Duplex Steel 2507,S32760 / S32750,1.4410,,,,,,,,,,
,,,,,,,,,,,,,
,TAB 2 — CHEMICAL COMPOSITION:  Chemical Composition of Super Duplex Steel Seamless and Welded Pipe Fittings,,,,,,,,,,,,
,C,Cr,Ni,Mo,N,Others,,,,,,,
,0.020,25,7,4.0,.27,S=0.001,,,,,,,
,,,,,,,,,,,,,
,TAB 3 — MECHANICAL PROPERTIES:  Mechanical Properties Of ASME SA815 Super Duplex Steel Buttweld Pipe Fittings,,,,,,,,,,,,
,"Ultimate Tensile Strength, ksi",116 min.,,,,,,,,,,,
,"0.2% Offset Yield Strength 0.2%, ksi",80 min.,,,,,,,,,,,
,"0.1% Offset Yield Strength 0.2%, ksi",91 min.,,,,,,,,,,,
,"Elongation in 2 inches, %",15 min.,,,,,,,,,,,
,Hardness Rockwell C,32 max.,,,,,,,,,,,
,"Impact Energy, ft.-lbs.",74 min.,,,,,,,,,,,
,,,,,,,,,,,,,
,TAB 4 — PHYSICAL PROPERTIES:  Physical Properties of Super Duplex Steel S32750 & S32760 Buttweld Fittings,,,,,,,,,,,,
,Density,lb/in³,0.28,,,,,,,,,,
,Modulus of Elasticity,psi x 10⁶,29,,,,,,,,,,
,Coefficient of Thermal Expansion 68-212°F/°F,x10⁻⁶/°F,7.2,,,,,,,,,,
,Thermal Conductivity,Btu/h ft °F,8.7,,,,,,,,,,
,Heat Capacity,Btu/lb/°F,0.12,,,,,,,,,,
,Electrical Resistivity,W -in x 10⁻⁶,31.5,,,,,,,,,,
,,,,,,,,,,,,,
,TAB 5 — CERTIFIED APPLICATION INDUSTRIES,,,,,,,,,,,,
,1.  Petrochemical Industry,,,,,,,,,,,,
,2.  Oil and Gas Industry,,,,,,,,,,,,
,3.  Chemical Industry,,,,,,,,,,,,
,4.  Power Plant Industry,,,,,,,,,,,,
,5.  Energy Industry,,,,,,,,,,,,
,6.  Pharmaceuticals Industry,,,,,,,,,,,,
,7.  Pulp & Paper Industry,,,,,,,,,,,,
,8.  Food Processing Industry,,,,,,,,,,,,
,9.  Aerospace Industry,,,,,,,,,,,,
,10.  Refining Industry,,,,,,,,,,,,
,,,,,,,,,,,,,
,MANUFACTURING STANDARDS & SPECIFICATION:  Specification of Super Duplex Steel Buttweld Fittings,,,,,,,,,,,,
,Specifications,ASTM A815 / ASME SA815,,,,,,,,,,,
,Dimensions,"ASME/ANSI B16.9, ASME B16.28, MSS-SP-43, BS4504, BS4504, BS1560, BS10 ASME 16.11, MSS SP-79, 83, 95, 97, BS 3799",,,,,,,,,,,
,Size,"Seamless Butt Weld Fittings : 1/2"" - 10"" | Welded Butt Weld Fittings : 1/2"" - 48""",,,,,,,,,,,
,Schedule,"SCH10, SCH20, SCH30, STD SCH40, SCH60, XS, SCH 80, SCH 100, SCH 120, SCH 140, SCH 160, XXS available with NACE MR 01-75",,,,,,,,,,,
,Bending Radius,"R=1D, 2D, 3D, 5D, 6D, 8D, 10D or Custom",,,,,,,,,,,
,Type,Seamless / ERW / Welded / Fabricated,,,,,,,,,,,
,Thickness,"20 Swg., 18 Swg., 16 Swg., 14 Swg., 12 Swg., 10 Swg., & Sch. 10, Sch. 40, Sch. 80 etc.",,,,,,,,,,,
,,,,,,,,,,,,,
,,,,,,,,,,,,,
,,,,,,,,,,,,,
,10.  Inconel 600/601/625/718 Buttweld Fittings,,,,,,,,,,,,
,Product ID,inconel-alloy-600-601-625-718-buttweld-fittings,,,,,,,,,,,
,Sub-Category,Inconel / Incoloy Buttweld Fittings,,,,,,,,,,,
,Card Spec Chips,ASTM B366  |  UNS N06600  |  W.Nr. 2.4816,,,,,,,,,,,
,Image File,/images/products/inconel-alloy-600-601-625-718-buttweld-fittings.jpg,,,,,,,,,,,
,Price Shown (INR/Kg),₹2450 INR / Kg,,,,,,,,,,,
,Data Source,PUBLISHED — real spec tables (Inconel 600/601/625/718 Buttweld Fittings),,,,,,,,,,,
,Source Reference,https://www.champaksteel.com/inconel-alloy-600-601-625-718-buttweld-fittings-manufacturer-exporter.html,,,,,,,,,,,
,Live Page,https://jyothi-metals.vercel.app/product-detail?id=inconel-alloy-600-601-625-718-buttweld-fittings,,,,,,,,,,,
,,,,,,,,,,,,,
,TAB 1 — EQUIVALENT GRADES:  600/601/625/718 Inconel ASTM B366 Buttweld Fittings Equivalent Grades,,,,,,,,,,,,
,STANDARD,WERKSTOFF NR.,UNS,JIS,BS,GOST,AFNOR,EN,,,,,
,Inconel 600,2.4816,N06600,NCF 600,NA 13,"МНЖМц 28-2,5-1,5",NC15FE11M,NiCr15Fe,,,,,
,Inconel 601,2.4851,N06601,NCF 601,NA 49,XH60BT,NC23FeA,NiCr23Fe,,,,,
,Inconel 625,2.4856,N06625,NCF 625,NA 21,ХН75МБТЮ,NC22DNB4M,NiCr22Mo9Nb,,,,,
,Inconel 718,2.4668,N07718,-,-,-,-,-,,,,,
,,,,,,,,,,,,,
,TAB 2 — CHEMICAL COMPOSITION:  Chemical Composition of Inconel Alloy Seamless and Welded Pipe Fittings,,,,,,,,,,,,
,Grade,C,Mn,Si,S,Cu,Fe,Ni,Cr,,,,
,Inconel 600,0.15 max,1.00 max,0.50 max,0.015max,0.50 max,6.00 to 10.00,72.00 min,14.00 to 17.00,,,,
,Inconel 601,0.10 max,1.0 max,0.5 max,0.015 max,1.0 max,Balance,58.0 to 63.0,21.0 to 25.0,,,,
,Inconel 625,0.10 max,0.50 max,0.50 max,0.015 max,-,5.0 max,58.0 min,20.0 - 23.0,,,,
,Inconel 718,0.08 max,0.35 max,0.35 max,0.015 max,0.30 max,-,50.00 - 55.00,17.00 - 21.00,,,,
,,,,,,,,,,,,,
,TAB 3 — MECHANICAL PROPERTIES:  Mechanical Properties Of ASME SB366 Inconel Buttweld Pipe Fittings,,,,,,,,,,,,
,Element,Density,Melting Point,Tensile Strength,Yield Strength (0.2%Offset),Elongation,,,,,,,
,Inconel 600,8.47 g/cm3,1413 °C (2580 °F),"Psi to 95,000 , MPa to 655","Psi to 45,000 , MPa to 310",40 %,,,,,,,
,Inconel 601,8.1 g/cm3,1411 °C (2571 °F),"Psi to 80,000 , MPa to 550","Psi to 30,000 , MPa to 205",30 %,,,,,,,
,Inconel 625,8.4 g/cm3,1350 °C (2460 °F),"Psi to 1,35,000 , MPa to 930","Psi to 75,000 , MPa to 517",42.5 %,,,,,,,
,Inconel 718,8.2 g/cm3,1350 °C (2460 °F),"Psi to 1,35,000 , MPa to 930","Psi to 75,000 , MPa to 482",45 %,,,,,,,
,,,,,,,,,,,,,
,TAB 4 — PHYSICAL PROPERTIES:  not on the source page — section omitted on site,,,,,,,,,,,,
,,,,,,,,,,,,,
,TAB 5 — CERTIFIED APPLICATION INDUSTRIES,,,,,,,,,,,,
,1.  Petrochemical Industry,,,,,,,,,,,,
,2.  Oil and Gas Industry,,,,,,,,,,,,
,3.  Chemical Industry,,,,,,,,,,,,
,4.  Power Plant Industry,,,,,,,,,,,,
,5.  Energy Industry,,,,,,,,,,,,
,6.  Pharmaceuticals Industry,,,,,,,,,,,,
,7.  Pulp & Paper Industry,,,,,,,,,,,,
,8.  Food Processing Industry,,,,,,,,,,,,
,9.  Aerospace Industry,,,,,,,,,,,,
,10.  Refining Industry,,,,,,,,,,,,
,,,,,,,,,,,,,
,MANUFACTURING STANDARDS & SPECIFICATION:  Specification of Inconel Alloy Buttweld Fittings,,,,,,,,,,,,
,Specifications,ASTM B366 / ASME SB366,,,,,,,,,,,
,Dimensions,"ASME/ANSI B16.9, ASME B16.28, MSS-SP-43, BS4504, BS4504, BS1560, BS10 ASME 16.11, MSS SP-79, 83, 95, 97, BS 3799",,,,,,,,,,,
,Size,"Seamless Butt Weld Fittings : 1/2"" - 10"" | Welded Butt Weld Fittings : 1/2"" - 48""",,,,,,,,,,,
,Schedule,"SCH10, SCH20, SCH30, STD SCH40, SCH60, XS, SCH 80, SCH 100, SCH 120, SCH 140, SCH 160, XXS available with NACE MR 01-75",,,,,,,,,,,
,Bending Radius,"R=1D, 2D, 3D, 5D, 6D, 8D, 10D or Custom",,,,,,,,,,,
,Type,Seamless / ERW / Welded / Fabricated,,,,,,,,,,,
,Thickness,"20 Swg., 18 Swg., 16 Swg., 14 Swg., 12 Swg., 10 Swg., & Sch. 10, Sch. 40, Sch. 80 etc.",,,,,,,,,,,
,,,,,,,,,,,,,
,,,,,,,,,,,,,
,,,,,,,,,,,,,
,11.  Incoloy 800/800HT/825 Buttweld Fittings,,,,,,,,,,,,
,Product ID,incoloy-alloy-800-800h-825-buttweld-fittings,,,,,,,,,,,
,Sub-Category,Inconel / Incoloy Buttweld Fittings,,,,,,,,,,,
,Card Spec Chips,ASME SB366  |  UNS N08800  |  W.Nr. 1.4876,,,,,,,,,,,
,Image File,/images/products/incoloy-alloy-800-800h-825-buttweld-fittings.jpg,,,,,,,,,,,
,Price Shown (INR/Kg),₹280 INR / Kg,,,,,,,,,,,
,Data Source,PUBLISHED — real spec tables (Incoloy 800/800HT/825 Buttweld Fittings),,,,,,,,,,,
,Source Reference,https://www.champaksteel.com/incoloy-alloy-800-800h-825-buttweld-fittings-manufacturer-exporter.html,,,,,,,,,,,
,Live Page,https://jyothi-metals.vercel.app/product-detail?id=incoloy-alloy-800-800h-825-buttweld-fittings,,,,,,,,,,,
,,,,,,,,,,,,,
,TAB 1 — EQUIVALENT GRADES:  800/800HT/825 Incoloy ASTM B366 Buttweld Fittings Equivalent Grades,,,,,,,,,,,,
,STANDARD,WERKSTOFF NR.,UNS,JIS,BS,GOST,AFNOR,EN,OR,,,,
,Incoloy 800,1.4876,N08800,NCF 800,NA 15,ЭИ670,Z8NC32-21,X10NiCrAlTi32-20,XH32T,,,,
,Incoloy 800HT,1.4859 / 1.4876,N08811,NCF 800HT,NA 15(HT),ЭИ670,-,X8NiCrAlTi32-21,XH32T,,,,
,Incoloy 825,2.4858,N08825,NCF 825,NA 16,ЭП703,NFE30C20DUM,NiCr21Mo,XH38BT,,,,
,,,,,,,,,,,,,
,TAB 2 — CHEMICAL COMPOSITION:  Chemical Composition of Incoloy Alloy Seamless and Welded Pipe Fittings,,,,,,,,,,,,
,Incoloy,800,800H,825,,,,,,,,,
,Ni,30-35,30-35,38.0 to 46.0,,,,,,,,,
,Fe,39.5 min,39.5 min,22.0 min,,,,,,,,,
,Cr,19-23,19-23,19.5 - 23.5,,,,,,,,,
,Cu,0.75 max,0.75 max,1.5 - 3.0,,,,,,,,,
,Ti,0.15-0.60,0.15-0.60,0.6 - 1.2,,,,,,,,,
,Al,0.15-0.60,0.15-0.60,0.2 max,,,,,,,,,
,C,0.1 max,0.05-0.1,0.05 max,,,,,,,,,
,Mn,1.5 max,1.5 max,1.0 max,,,,,,,,,
,S,0.015 max,0.015 max,0.015 max,,,,,,,,,
,Si,1.0 max,1.0 max,0.5 max,,,,,,,,,
,Mb,-,-,2.5 - 3.5,,,,,,,,,
,,,,,,,,,,,,,
,TAB 3 — MECHANICAL PROPERTIES:  Mechanical Properties Of ASME SB366 Incoloy Buttweld Pipe Fittings,,,,,,,,,,,,
,Inconel 800/800HT,,,,,,,,,,,,
,Tensile Strength,"Psi to 75,000 , MPa to 520",,,,,,,,,,,
,Yield Strength (0.2%Offset),"Psi to 30,000 , MPa to 205",,,,,,,,,,,
,Elongation,30 %,,,,,,,,,,,
,Inconel 825,,,,,,,,,,,,
,Tensile Strength,"Psi to 80,000 , MPa to 550",,,,,,,,,,,
,Yield Strength (0.2%Offset),"Psi to 32,000 , MPa to 220",,,,,,,,,,,
,Elongation,30 %,,,,,,,,,,,
,,,,,,,,,,,,,
,TAB 4 — PHYSICAL PROPERTIES:  Physical Properties of Incoloy 800/800HT/825 Pipe Fittings,,,,,,,,,,,,
,Density lbₘ/in³,Thermal Conductivity (BTU/h ft. °F),Electrical Resistivity (in x 10⁻⁶),Modulus of Elasticity (psi x 10⁶,Coefficient of Thermal Expansion (in/in)/ °F x 10⁻⁶,Specific Heat (BTU/lb/ °F),Melting Range (°F),,,,,,
,at 68°F: 0.285,9.4 at 212°F,28.3 at 68°F,28,9.4 at 32 to 212°F,0.1200 at 68°F to 212°F,2500 to 2590,,,,,,
,,12.4 at 932 °F,39.4 at 752°F,,10.2 at 32 to 1000°F,,,,,,,,
,,,49.6 at 1652 °F,,10.4 at 32 to 1500°F,,,,,,,,
,,,,,,,,,,,,,
,TAB 5 — CERTIFIED APPLICATION INDUSTRIES,,,,,,,,,,,,
,1.  Petrochemical Industry,,,,,,,,,,,,
,2.  Oil and Gas Industry,,,,,,,,,,,,
,3.  Chemical Industry,,,,,,,,,,,,
,4.  Power Plant Industry,,,,,,,,,,,,
,5.  Energy Industry,,,,,,,,,,,,
,6.  Pharmaceuticals Industry,,,,,,,,,,,,
,7.  Pulp & Paper Industry,,,,,,,,,,,,
,8.  Food Processing Industry,,,,,,,,,,,,
,9.  Aerospace Industry,,,,,,,,,,,,
,10.  Refining Industry,,,,,,,,,,,,
,,,,,,,,,,,,,
,MANUFACTURING STANDARDS & SPECIFICATION:  Specification of Incoloy Alloy Buttweld Fittings,,,,,,,,,,,,
,Specifications,ASTM B366 / ASME SB366,,,,,,,,,,,
,Dimensions,"ASME/ANSI B16.9, ASME B16.28, MSS-SP-43, BS4504, BS4504, BS1560, BS10 ASME 16.11, MSS SP-79, 83, 95, 97, BS 3799",,,,,,,,,,,
,Size,"Seamless Butt Weld Fittings : 1/2"" - 10"" | Welded Butt Weld Fittings : 1/2"" - 48""",,,,,,,,,,,
,Schedule,"SCH10, SCH20, SCH30, STD SCH40, SCH60, XS, SCH 80, SCH 100, SCH 120, SCH 140, SCH 160, XXS available with NACE MR 01-75",,,,,,,,,,,
,Bending Radius,"R=1D, 2D, 3D, 5D, 6D, 8D, 10D or Custom",,,,,,,,,,,
,Type,Seamless / ERW / Welded / Fabricated,,,,,,,,,,,
,Thickness,"20 Swg., 18 Swg., 16 Swg., 14 Swg., 12 Swg., 10 Swg., & Sch. 10, Sch. 40, Sch. 80 etc.",,,,,,,,,,,
,,,,,,,,,,,,,
,,,,,,,,,,,,,
,,,,,,,,,,,,,
,12.  Monel 400/K500 Buttweld Fittings,,,,,,,,,,,,
,Product ID,monel-alloy-400-k500-buttweld-fittings,,,,,,,,,,,
,Sub-Category,Monel Buttweld Fittings,,,,,,,,,,,
,Card Spec Chips,ASTM B366  |  UNS N04400  |  W.Nr. 2.4360,,,,,,,,,,,
,Image File,/images/products/monel-alloy-400-k500-buttweld-fittings.jpg,,,,,,,,,,,
,Price Shown (INR/Kg),₹1650 INR / Kg,,,,,,,,,,,
,Data Source,PUBLISHED — real spec tables (Monel 400/K500 Buttweld Fittings),,,,,,,,,,,
,Source Reference,https://www.champaksteel.com/monel-alloy-400-k500-buttweld-fittings-manufacturer-exporter.html,,,,,,,,,,,
,Live Page,https://jyothi-metals.vercel.app/product-detail?id=monel-alloy-400-k500-buttweld-fittings,,,,,,,,,,,
,,,,,,,,,,,,,
,TAB 1 — EQUIVALENT GRADES:  400/K500 Monel ASTM B366 Buttweld Fittings Equivalent Grades,,,,,,,,,,,,
,STANDARD,UNS,WNR.,EN,JIS,GOST,AFNOR,BS,,,,,
,Monel 400,N04400,2.4360,NiCu30Fe,NW 4400,"МНЖМц 28-2,5-1,5",NU-30M,NA 13,,,,,
,Monel K500,N05500,2.4375,-,-,-,-,-,,,,,
,,,,,,,,,,,,,
,TAB 2 — CHEMICAL COMPOSITION:  Chemical Composition of Monel 400/K500 Seamless and Welded Pipe Fittings,,,,,,,,,,,,
,Grade,Ni,Fe,C,Mn,Si,Cu,Al,Ti,S,,,
,Monel K500,63.0 min,05 - 2,0.25 max,1.5 max,0.5 max,27.0 - 33.0,2.3 - 3.15,0.35 - 0.85,0.010 max,,,
,,,,,,,,,,,,,
,TAB 3 — MECHANICAL PROPERTIES:  Mechanical Properties Of ASME SB366 Monel Buttweld Pipe Fittings,,,,,,,,,,,,
,Grade,Tensile (ksi),.2% Yield (ksi),Elongation %,Hardness (HRb),,,,,,,,
,400,75 to 90,25 to 50,60 to 35,60 to 80,,,,,,,,
,K500,"Psi to 1,60,000 , MPa to 1100","Psi to 1,15,000 , MPa to 790",20 %,-,,,,,,,,
,,,,,,,,,,,,,
,TAB 4 — PHYSICAL PROPERTIES:  Physical Properties of Monel 400 Buttweld Fittings,,,,,,,,,,,,
,Density@ Room Temp,0.318 lb/in³,,,,,,,,,,,
,Elastic Modulus @ 70ºF (tension),26.0 x 10⁶psi,,,,,,,,,,,
,Specific Heat @ 70°F,0.102 Btu/lb/°F,,,,,,,,,,,
,Melting Point,2370°F to 2460°F,,,,,,,,,,,
,Thermal Conductivity @ 70°F,151 Btu • in/h/ft 2 /°F,,,,,,,,,,,
,Electrical Resistivity @ 70°F,0.511 μ Ω • m,,,,,,,,,,,
,,,,,,,,,,,,,
,TAB 5 — CERTIFIED APPLICATION INDUSTRIES,,,,,,,,,,,,
,1.  Petrochemical Industry,,,,,,,,,,,,
,2.  Oil and Gas Industry,,,,,,,,,,,,
,3.  Chemical Industry,,,,,,,,,,,,
,4.  Power Plant Industry,,,,,,,,,,,,
,5.  Energy Industry,,,,,,,,,,,,
,6.  Pharmaceuticals Industry,,,,,,,,,,,,
,7.  Pulp & Paper Industry,,,,,,,,,,,,
,8.  Food Processing Industry,,,,,,,,,,,,
,9.  Aerospace Industry,,,,,,,,,,,,
,10.  Refining Industry,,,,,,,,,,,,
,,,,,,,,,,,,,
,MANUFACTURING STANDARDS & SPECIFICATION:  Specification of Monel Alloy Buttweld Fittings,,,,,,,,,,,,
,Specifications,ASTM B366 / ASME SB366,,,,,,,,,,,
,Dimensions,"ASME/ANSI B16.9, ASME B16.28, MSS-SP-43, BS4504, BS4504, BS1560, BS10 ASME 16.11, MSS SP-79, 83, 95, 97, BS 3799",,,,,,,,,,,
,Size,"Seamless Butt Weld Fittings : 1/2"" - 10"" | Welded Butt Weld Fittings : 1/2"" - 48""",,,,,,,,,,,
,Schedule,"SCH10, SCH20, SCH30, STD SCH40, SCH60, XS, SCH 80, SCH 100, SCH 120, SCH 140, SCH 160, XXS available with NACE MR 01-75",,,,,,,,,,,
,Bending Radius,"R=1D, 2D, 3D, 5D, 6D, 8D, 10D or Custom",,,,,,,,,,,
,Type,Seamless / ERW / Welded / Fabricated,,,,,,,,,,,
,Thickness,"20 Swg., 18 Swg., 16 Swg., 14 Swg., 12 Swg., 10 Swg., & Sch. 10, Sch. 40, Sch. 80 etc.",,,,,,,,,,,
,,,,,,,,,,,,,
,,,,,,,,,,,,,
,,,,,,,,,,,,,
,13.  Nickel 200/201 Buttweld Fittings,,,,,,,,,,,,
,Product ID,nickel-alloy-200-201-buttweld-fittings,,,,,,,,,,,
,Sub-Category,Nickel Alloy Buttweld Fittings,,,,,,,,,,,
,Card Spec Chips,ASTM B366  |  UNS N02200  |  W.Nr. 2.4066,,,,,,,,,,,
,Image File,/images/products/nickel-alloy-200-201-buttweld-fittings.jpg,,,,,,,,,,,
,Price Shown (INR/Kg),₹1650 INR / Kg,,,,,,,,,,,
,Data Source,PUBLISHED — real spec tables (Nickel 200/201 Buttweld Fittings),,,,,,,,,,,
,Source Reference,https://www.champaksteel.com/nickel-alloy-200-201-buttweld-fittings-manufacturer-exporter.html,,,,,,,,,,,
,Live Page,https://jyothi-metals.vercel.app/product-detail?id=nickel-alloy-200-201-buttweld-fittings,,,,,,,,,,,
,,,,,,,,,,,,,
,TAB 1 — EQUIVALENT GRADES:  200/201 Nickel ASTM B366 Buttweld Fittings Equivalent Grades,,,,,,,,,,,,
,STANDARD,WERKSTOFF NR.,UNS,JIS,BS,GOST,AFNOR,EN,,,,,
,Nickel 200,2.4066,N02200,NW 2200,NA 11,НП-2,N-100M,Ni 99.2,,,,,
,Nickel 201,2.4068,N02201,NW 2201,NA 12,НП-2,-,LC-Ni 99,,,,,
,,,,,,,,,,,,,
,TAB 2 — CHEMICAL COMPOSITION:  Chemical Composition of Nickel 200/201 Seamless and Welded Pipe Fittings,,,,,,,,,,,,
,Material / Purity:,Alloy 200,Alloy 201,,,,,,,,,,
,Ni,99.00,99.00,,,,,,,,,,
,Fe,.40,0.40,,,,,,,,,,
,Mn,0.35,0.35,,,,,,,,,,
,Si,0.35,0.35,,,,,,,,,,
,C,0.15,0.02,,,,,,,,,,
,S,0.01,0.01,,,,,,,,,,
,Cu,0.25,0.25,,,,,,,,,,
,,,,,,,,,,,,,
,TAB 3 — MECHANICAL PROPERTIES:  Mechanical Properties Of ASME SB366 Nickel Buttweld Pipe Fittings,,,,,,,,,,,,
,Nickel Alloy 200,,,,,,,,,,,,
,Properties,Metric,Imperial,,,,,,,,,,
,Tensile strength (annealed),462 MPa,67000 psi,,,,,,,,,,
,Yield strength (annealed),148 MPa,21500 psi,,,,,,,,,,
,Elongation at break (annealed prior to test),45%,45%,,,,,,,,,,
,Nickel Alloy 201,,,,,,,,,,,,
,Properties,Metric,Imperial,,,,,,,,,,
,Tensile strength (annealed),403 MPa,58500 psi,,,,,,,,,,
,Yield strength (annealed),103 MPa,14900 psi,,,,,,,,,,
,Elongation at break (annealed prior to test),50%,50%,,,,,,,,,,
,,,,,,,,,,,,,
,"TAB 4 — PHYSICAL PROPERTIES:  Physical Properties of Nickel Alloy 200, 201 Buttweld Fittings",,,,,,,,,,,,
,Density,8.902gm/cc,,,,,,,,,,,
,Melting Point,1453 ^oC,,,,,,,,,,,
,Boiling Point,2732 ^oC,,,,,,,,,,,
,Thermal Conductivity,0.909 W/cm/K @ 298.2K,,,,,,,,,,,
,Electrical Resistivity,6.84 microhm-cm @ 20,,,,,,,,,,,
,Electronegativity,1.8 Paulings,,,,,,,,,,,
,Specific Heat,0.106 Cal/g/ K @ 25,,,,,,,,,,,
,Heat of Vaporization,91.0 K-Cal/gm atom at 2732 ^oC,,,,,,,,,,,
,Heat of Fusion,4.20 Cal/gm mole,,,,,,,,,,,
,,,,,,,,,,,,,
,TAB 5 — CERTIFIED APPLICATION INDUSTRIES,,,,,,,,,,,,
,1.  Petrochemical Industry,,,,,,,,,,,,
,2.  Oil and Gas Industry,,,,,,,,,,,,
,3.  Chemical Industry,,,,,,,,,,,,
,4.  Power Plant Industry,,,,,,,,,,,,
,5.  Energy Industry,,,,,,,,,,,,
,6.  Pharmaceuticals Industry,,,,,,,,,,,,
,7.  Pulp & Paper Industry,,,,,,,,,,,,
,8.  Food Processing Industry,,,,,,,,,,,,
,9.  Aerospace Industry,,,,,,,,,,,,
,10.  Refining Industry,,,,,,,,,,,,
,,,,,,,,,,,,,
,MANUFACTURING STANDARDS & SPECIFICATION:  Specification of Nickel Alloy Buttweld Fittings,,,,,,,,,,,,
,Specifications,ASTM B366 / ASME SB366,,,,,,,,,,,
,Dimensions,"ASME/ANSI B16.9, ASME B16.28, MSS-SP-43, BS4504, BS4504, BS1560, BS10 ASME 16.11, MSS SP-79, 83, 95, 97, BS 3799",,,,,,,,,,,
,Size,"Seamless Butt Weld Fittings : 1/2"" - 10"" | Welded Butt Weld Fittings : 1/2"" - 48""",,,,,,,,,,,
,Schedule,"SCH10, SCH20, SCH30, STD SCH40, SCH60, XS, SCH 80, SCH 100, SCH 120, SCH 140, SCH 160, XXS available with NACE MR 01-75",,,,,,,,,,,
,Bending Radius,"R=1D, 2D, 3D, 5D, 6D, 8D, 10D or Custom",,,,,,,,,,,
,Type,Seamless / ERW / Welded / Fabricated,,,,,,,,,,,
,Thickness,"20 Swg., 18 Swg., 16 Swg., 14 Swg., 12 Swg., 10 Swg., & Sch. 10, Sch. 40, Sch. 80 etc.",,,,,,,,,,,
,,,,,,,,,,,,,
,,,,,,,,,,,,,
,,,,,,,,,,,,,
,14.  Hastelloy Buttweld Fittings,,,,,,,,,,,,
,Product ID,hastelloy-alloy-c22-c276-buttweld-fittings,,,,,,,,,,,
,Sub-Category,Hastelloy Buttweld Fittings,,,,,,,,,,,
,Card Spec Chips,ASTM B366  |  UNS N06022  |  W.Nr. 2.4602,,,,,,,,,,,
,Image File,/images/products/hastelloy-alloy-c22-c276-buttweld-fittings.jpg,,,,,,,,,,,
,Price Shown (INR/Kg),₹2450 INR / Kg,,,,,,,,,,,
,Data Source,PUBLISHED — real spec tables (Hastelloy C22/C276 Buttweld Fittings),,,,,,,,,,,
,Source Reference,https://www.champaksteel.com/hastelloy-alloy-c22-c276-buttweld-fittings-manufacturer-exporter.html,,,,,,,,,,,
,Live Page,https://jyothi-metals.vercel.app/product-detail?id=hastelloy-alloy-c22-c276-buttweld-fittings,,,,,,,,,,,
,,,,,,,,,,,,,
,TAB 1 — EQUIVALENT GRADES:  C22/C276 Hastelloy ASTM B366 Buttweld Fittings Equivalent Grades,,,,,,,,,,,,
,STANDARD,UNS,WNR.,EN,JIS,GOST,OR,,,,,,
,Hastelloy C22,N06022,2.4602,NiCr21Mo14W,NW 6022,-,-,,,,,,
,Hastelloy C276,N10276,2.4819,NiMo16Cr15W,NW 0276,ХН65МВУ,ЭП760,,,,,,
,,,,,,,,,,,,,
,TAB 2 — CHEMICAL COMPOSITION:  Chemical Composition of Hastelloy C22/C276 Seamless and Welded Pipe Fittings,,,,,,,,,,,,
,Grade,Ni,C,Mo,Mn,Si,Fe,P,S,Co,Cr,W,V
,Hastelloy C22,Balance,0.010 max,12.5-14.5,0.50 max,0.08 max,2-6,0.02 max,0.02 max,2.5 max,20-22.5,2.5-3.5,0.35 max
,Hastelloy C276,Balance,0.01 max,15 to 17,1.0 max,0.08 max,4 to 7,0.04 max,0.03 max,2.5 max,14.5 to 16.5,3 to 4.5,0.35 max
,,,,,,,,,,,,,
,TAB 3 — MECHANICAL PROPERTIES:  Mechanical Properties Of ASME SB366 Hastelloy Buttweld Pipe Fittings,,,,,,,,,,,,
,Grade,Density,Melting Point,Tensile Strength,Yield Strength (0.2%Offset),Elongation,,,,,,,
,Hastelloy C22,8.69 g/cm3,1399 °C (2550 °F),"Psi to 1,00,000, MPa to 690","Psi to 45000, MPa to 310",45 %,,,,,,,
,Hastelloy C276,8.89 g/cm3,1370 °C (2500 °F),"Psi to 1,15,000 , MPa to 790","Psi to 52,000 , MPa to 355",40 %,,,,,,,
,,,,,,,,,,,,,
,TAB 4 — PHYSICAL PROPERTIES:  Physical Properties of Hastelloy C22 Buttweld Fittings,,,,,,,,,,,,
,Density,0.314 lb/in³,,,,,,,,,,,
,Specific Gravity,8.69 lb/in³,,,,,,,,,,,
,Specific Heat (Btu/lb/Deg F - [32-212 Deg F],0.1,,,,,,,,,,,
,Melting Point (Deg F),2550,,,,,,,,,,,
,Thermal Conductivity,70,,,,,,,,,,,
,Mean Coeff Thermal Expansion,6.9,,,,,,,,,,,
,Modulus of Elasticity Tension,29.9,,,,,,,,,,,
,,,,,,,,,,,,,
,TAB 5 — CERTIFIED APPLICATION INDUSTRIES,,,,,,,,,,,,
,1.  Petrochemical Industry,,,,,,,,,,,,
,2.  Oil and Gas Industry,,,,,,,,,,,,
,3.  Chemical Industry,,,,,,,,,,,,
,4.  Power Plant Industry,,,,,,,,,,,,
,5.  Energy Industry,,,,,,,,,,,,
,6.  Pharmaceuticals Industry,,,,,,,,,,,,
,7.  Pulp & Paper Industry,,,,,,,,,,,,
,8.  Food Processing Industry,,,,,,,,,,,,
,9.  Aerospace Industry,,,,,,,,,,,,
,10.  Refining Industry,,,,,,,,,,,,
,,,,,,,,,,,,,
,MANUFACTURING STANDARDS & SPECIFICATION:  Specification of Hastelloy Alloy Buttweld Fittings,,,,,,,,,,,,
,Specifications,ASTM B366 / ASME SB366,,,,,,,,,,,
,Dimensions,"ASME/ANSI B16.9, ASME B16.28, MSS-SP-43, BS4504, BS4504, BS1560, BS10 ASME 16.11, MSS SP-79, 83, 95, 97, BS 3799",,,,,,,,,,,
,Size,"Seamless Butt Weld Fittings : 1/2"" - 10"" | Welded Butt Weld Fittings : 1/2"" - 48""",,,,,,,,,,,
,Schedule,"SCH10, SCH20, SCH30, STD SCH40, SCH60, XS, SCH 80, SCH 100, SCH 120, SCH 140, SCH 160, XXS available with NACE MR 01-75",,,,,,,,,,,
,Bending Radius,"R=1D, 2D, 3D, 5D, 6D, 8D, 10D or Custom",,,,,,,,,,,
,Type,Seamless / ERW / Welded / Fabricated,,,,,,,,,,,
,Thickness,"20 Swg., 18 Swg., 16 Swg., 14 Swg., 12 Swg., 10 Swg., & Sch. 10, Sch. 40, Sch. 80 etc.",,,,,,,,,,,
,,,,,,,,,,,,,
,,,,,,,,,,,,,
,,,,,,,,,,,,,
,15.  Carbon Steel Buttweld Fittings,,,,,,,,,,,,
,Product ID,carbon-steel-buttweld-fittings,,,,,,,,,,,
,Sub-Category,Carbon Steel Buttweld Fittings,,,,,,,,,,,
,Card Spec Chips,ASTM A234,,,,,,,,,,,
,Image File,/images/champak/carbon-steel-buttweld-fittings-suppliers-exporters.jpg,,,,,,,,,,,
,Price Shown (INR/Kg),₹95 INR / Kg,,,,,,,,,,,
,Data Source,PUBLISHED — real spec tables (Carbon Steel Buttweld Fittings),,,,,,,,,,,
,Source Reference,https://www.champaksteel.com/carbon-steel-buttweld-fittings-suppliers-exporters.html,,,,,,,,,,,
,Live Page,https://jyothi-metals.vercel.app/product-detail?id=carbon-steel-buttweld-fittings,,,,,,,,,,,
,,,,,,,,,,,,,
,TAB 1 — EQUIVALENT GRADES:  not on the source page — section omitted on site,,,,,,,,,,,,
,,,,,,,,,,,,,
,TAB 2 — CHEMICAL COMPOSITION:  not on the source page — section omitted on site,,,,,,,,,,,,
,,,,,,,,,,,,,
,TAB 3 — MECHANICAL PROPERTIES:  not on the source page — section omitted on site,,,,,,,,,,,,
,,,,,,,,,,,,,
,TAB 4 — PHYSICAL PROPERTIES:  not on the source page — section omitted on site,,,,,,,,,,,,
,,,,,,,,,,,,,
,TAB 5 — CERTIFIED APPLICATION INDUSTRIES,,,,,,,,,,,,
,1.  Petrochemical Industry,,,,,,,,,,,,
,2.  Oil and Gas Industry,,,,,,,,,,,,
,3.  Chemical Industry,,,,,,,,,,,,
,4.  Power Plant Industry,,,,,,,,,,,,
,5.  Energy Industry,,,,,,,,,,,,
,6.  Pharmaceuticals Industry,,,,,,,,,,,,
,7.  Pulp & Paper Industry,,,,,,,,,,,,
,8.  Food Processing Industry,,,,,,,,,,,,
,9.  Aerospace Industry,,,,,,,,,,,,
,10.  Refining Industry,,,,,,,,,,,,
,,,,,,,,,,,,,
,MANUFACTURING STANDARDS & SPECIFICATION:  Specification of Carbon Steel Buttweld Fittings,,,,,,,,,,,,
,Cabon Steel Buttweld Fittings Standard,"ASTM A234 Gr WPB ST37.2, ST35.8 Buttweld Fittings",,,,,,,,,,,
,Dimensions,"ASME/ANSI B16.9, ASME B16.28, MSS-SP-43, BS4504, BS4504, BS1560, BS10 ASME 16.11, MSS SP-79, 83, 95, 97, BS 3799",,,,,,,,,,,
,Size,"Seamless Butt Weld Fittings : 1/2"" - 10"" | Welded Butt Weld Fittings : 1/2"" - 48""",,,,,,,,,,,
,Schedule,"SCH10, SCH20, SCH30, STD SCH40, SCH60, XS, SCH 80, SCH 100, SCH 120, SCH 140, SCH 160, XXS available with NACE MR 01-75",,,,,,,,,,,
,Bending Radius,"R=1D, 2D, 3D, 5D, 6D, 8D, 10D or Custom",,,,,,,,,,,
,Type,Seamless / ERW / Welded / Fabricated,,,,,,,,,,,
,Cabon Steel Buttweld Fittings Grade,"ASTM A860 / ASME SA860 WPBW, WPHY 42, WPHY 46, WPHY 52, WPH 60, WPHY 65 & WPHY 70 Buttweld Fittings.",,,,,,,,,,,
,Low temperature steel,A420 WPL3 Buttweld Fittings / A420 WPL6 Buttweld Fittings.,,,,,,,,,,,
,Thickness,"20 Swg., 18 Swg., 16 Swg., 14 Swg., 12 Swg., 10 Swg., & Sch. 10, Sch. 40, Sch. 80 etc.",,,,,,,,,,,
,,,,,,,,,,,,,
,,,,,,,,,,,,,
,,,,,,,,,,,,,
,16.  Alloy Steel Buttweld Fittings,,,,,,,,,,,,
,Product ID,alloy-steel-buttweld-fittings,,,,,,,,,,,
,Sub-Category,Alloy Steel Buttweld Fittings,,,,,,,,,,,
,Card Spec Chips,ASTM A234,,,,,,,,,,,
,Image File,/images/champak/alloy-steel-buttweld-fittings-suppliers-exporters.jpg,,,,,,,,,,,
,Price Shown (INR/Kg),₹95 INR / Kg,,,,,,,,,,,
,Data Source,PUBLISHED — real spec tables (Alloy Steel Buttweld Fittings),,,,,,,,,,,
,Source Reference,https://www.champaksteel.com/alloy-steel-buttweld-fittings-suppliers-exporters.html,,,,,,,,,,,
,Live Page,https://jyothi-metals.vercel.app/product-detail?id=alloy-steel-buttweld-fittings,,,,,,,,,,,
,,,,,,,,,,,,,
,TAB 1 — EQUIVALENT GRADES:  not on the source page — section omitted on site,,,,,,,,,,,,
,,,,,,,,,,,,,
,TAB 2 — CHEMICAL COMPOSITION:  not on the source page — section omitted on site,,,,,,,,,,,,
,,,,,,,,,,,,,
,TAB 3 — MECHANICAL PROPERTIES:  not on the source page — section omitted on site,,,,,,,,,,,,
,,,,,,,,,,,,,
,TAB 4 — PHYSICAL PROPERTIES:  not on the source page — section omitted on site,,,,,,,,,,,,
,,,,,,,,,,,,,
,TAB 5 — CERTIFIED APPLICATION INDUSTRIES,,,,,,,,,,,,
,1.  Petrochemical Industry,,,,,,,,,,,,
,2.  Oil and Gas Industry,,,,,,,,,,,,
,3.  Chemical Industry,,,,,,,,,,,,
,4.  Power Plant Industry,,,,,,,,,,,,
,5.  Energy Industry,,,,,,,,,,,,
,6.  Pharmaceuticals Industry,,,,,,,,,,,,
,7.  Pulp & Paper Industry,,,,,,,,,,,,
,8.  Food Processing Industry,,,,,,,,,,,,
,9.  Aerospace Industry,,,,,,,,,,,,
,10.  Refining Industry,,,,,,,,,,,,
,,,,,,,,,,,,,
,MANUFACTURING STANDARDS & SPECIFICATION:  Specification of Alloy Steel Buttweld Fittings,,,,,,,,,,,,
,Cabon Steel Buttweld Fittings Standard,"ASTM/ ASME A/SA234 WP1, WP5, WP9, WP11, WP22, WP91",,,,,,,,,,,
,Dimensions,"ASME/ANSI B16.9, ASME B16.28, MSS-SP-43, BS4504, BS4504, BS1560, BS10 ASME 16.11, MSS SP-79, 83, 95, 97, BS 3799",,,,,,,,,,,
,Size,"Seamless Butt Weld Fittings : 1/2"" - 10"" | Welded Butt Weld Fittings : 1/2"" - 48""",,,,,,,,,,,
,Schedule,"SCH10, SCH20, SCH30, STD SCH40, SCH60, XS, SCH 80, SCH 100, SCH 120, SCH 140, SCH 160, XXS available with NACE MR 01-75",,,,,,,,,,,
,Bending Radius,"R=1D, 2D, 3D, 5D, 6D, 8D, 10D or Custom",,,,,,,,,,,
,Type,Seamless / ERW / Welded / Fabricated,,,,,,,,,,,
,Thickness,"20 Swg., 18 Swg., 16 Swg., 14 Swg., 12 Swg., 10 Swg., & Sch. 10, Sch. 40, Sch. 80 etc.",,,,,,,,,,,
,,,,,,,,,,,,,
,,,,,,,,,,,,,
,,,,,,,,,,,,,
,17.  Alloy 20 Buttweld Fittings,,,,,,,,,,,,
,Product ID,alloy-20-buttweld-fittings,,,,,,,,,,,
,Sub-Category,Alloy 20 Buttweld Fittings,,,,,,,,,,,
,Card Spec Chips,ASTM B366  |  UNS N08020  |  W.Nr. 2.4660,,,,,,,,,,,
,Image File,/images/products/alloy-20-buttweld-fittings.jpg,,,,,,,,,,,
,Price Shown (INR/Kg),₹280 INR / Kg,,,,,,,,,,,
,Data Source,PUBLISHED — real spec tables (Alloy 20 Buttweld Fittings),,,,,,,,,,,
,Source Reference,https://www.champaksteel.com/alloy-20-buttweld-fittings-supplier-stockist.html,,,,,,,,,,,
,Live Page,https://jyothi-metals.vercel.app/product-detail?id=alloy-20-buttweld-fittings,,,,,,,,,,,
,,,,,,,,,,,,,
,TAB 1 — EQUIVALENT GRADES:  Alloy 20 ASTM B366 Buttweld Fittings Equivalent Grades,,,,,,,,,,,,
,STANDARD,UNS,WNR.,EN,AFNOR,,,,,,,,
,Alloy 20,N08020,2.4660,NiCr20CuMo,Z2NCUD31-20AZ,,,,,,,,
,,,,,,,,,,,,,
,TAB 2 — CHEMICAL COMPOSITION:  Chemical Composition of Alloy 20 Seamless and Welded Pipe Fittings,,,,,,,,,,,,
,Grade,C,Mn,Si,S,Cu,Ni,Cr,Fe,Mo,P,,
,Alloy 20,0.07 max,2.00 max,1.00 max,0.035 max,3.00 to 4.00,32.00 to 38.00,19.00 to 21.00,29.85 min*,2.00 to 3.00,0.045 max,,
,,,,,,,,,,,,,
,TAB 3 — MECHANICAL PROPERTIES:  Mechanical Properties Of ASME SB366 Alloy 20 Buttweld Pipe Fittings,,,,,,,,,,,,
,Element,Alloy 20,,,,,,,,,,,
,Density,8.1 g/cm3,,,,,,,,,,,
,Melting Point,1443 °C (2430 °F),,,,,,,,,,,
,Tensile Strength,"Psi -80,000, MPa -551",,,,,,,,,,,
,Yield Strength (0.2%Offset),"Psi - 35,000, MPa - 241",,,,,,,,,,,
,Elongation,30 %,,,,,,,,,,,
,,,,,,,,,,,,,
,TAB 4 — PHYSICAL PROPERTIES:  not on the source page — section omitted on site,,,,,,,,,,,,
,,,,,,,,,,,,,
,TAB 5 — CERTIFIED APPLICATION INDUSTRIES,,,,,,,,,,,,
,1.  Petrochemical Industry,,,,,,,,,,,,
,2.  Oil and Gas Industry,,,,,,,,,,,,
,3.  Chemical Industry,,,,,,,,,,,,
,4.  Power Plant Industry,,,,,,,,,,,,
,5.  Energy Industry,,,,,,,,,,,,
,6.  Pharmaceuticals Industry,,,,,,,,,,,,
,7.  Pulp & Paper Industry,,,,,,,,,,,,
,8.  Food Processing Industry,,,,,,,,,,,,
,9.  Aerospace Industry,,,,,,,,,,,,
,10.  Refining Industry,,,,,,,,,,,,
,,,,,,,,,,,,,
,MANUFACTURING STANDARDS & SPECIFICATION:  Specification of Alloy 20 Buttweld Fittings,,,,,,,,,,,,
,Specifications,ASTM B366 / ASME SB366,,,,,,,,,,,
,Dimensions,"ASME/ANSI B16.9, ASME B16.28, MSS-SP-43, BS4504, BS4504, BS1560, BS10 ASME 16.11, MSS SP-79, 83, 95, 97, BS 3799",,,,,,,,,,,
,Size,"Seamless Butt Weld Fittings : 1/2"" - 10"" | Welded Butt Weld Fittings : 1/2"" - 48""",,,,,,,,,,,
,Schedule,"SCH10, SCH20, SCH30, STD SCH40, SCH60, XS, SCH 80, SCH 100, SCH 120, SCH 140, SCH 160, XXS available with NACE MR 01-75",,,,,,,,,,,
,Bending Radius,"R=1D, 2D, 3D, 5D, 6D, 8D, 10D or Custom",,,,,,,,,,,
,Type,Seamless / ERW / Welded / Fabricated,,,,,,,,,,,
,Thickness,"20 Swg., 18 Swg., 16 Swg., 14 Swg., 12 Swg., 10 Swg., & Sch. 10, Sch. 40, Sch. 80 etc.",,,,,,,,,,,
,,,,,,,,,,,,,
,,,,,,,,,,,,,
,,,,,,,,,,,,,
,18.  Copper Nickel 70/30 Buttweld Fittings,,,,,,,,,,,,
,Product ID,copper-nickel-alloy-70-30-buttweld-fittings,,,,,,,,,,,
,Sub-Category,Copper Nickel Buttweld Fittings,,,,,,,,,,,
,Card Spec Chips,ASTM B122  |  UNS C71500  |  W.Nr. 2.0882,,,,,,,,,,,
,Image File,/images/products/copper-nickel-alloy-70-30-buttweld-fittings.jpg,,,,,,,,,,,
,Price Shown (INR/Kg),₹1650 INR / Kg,,,,,,,,,,,
,Data Source,PUBLISHED — real spec tables (Copper Nickel 70/30 Buttweld Fittings),,,,,,,,,,,
,Source Reference,https://www.champaksteel.com/copper-nickel-alloy-70-30-buttweld-fittings-manufacturer-exporter.html,,,,,,,,,,,
,Live Page,https://jyothi-metals.vercel.app/product-detail?id=copper-nickel-alloy-70-30-buttweld-fittings,,,,,,,,,,,
,,,,,,,,,,,,,
,TAB 1 — EQUIVALENT GRADES:  Copper Nickel 70/30 ASTM B122 Buttweld Fittings Equivalent Grades,,,,,,,,,,,,
,STANDARD,UNS,WNR.,,,,,,,,,,
,Copper Nickel 70/30,C71500,2.0882,,,,,,,,,,
,,,,,,,,,,,,,
,TAB 2 — CHEMICAL COMPOSITION:  Chemical Composition of Copper Nickel 70/30 Seamless and Welded Pipe Fittings,,,,,,,,,,,,
,Grade,Cu,Mn,Pb,Ni,Fe,Zn,,,,,,
,Cu-Ni 70-30,65.0 min,1 max,.05 max,29-33,0.4-1.0,1 max,,,,,,
,,,,,,,,,,,,,
,TAB 3 — MECHANICAL PROPERTIES:  Mechanical Properties Of ASME SB122 Copper Nickel 70/30 Buttweld Pipe Fittings,,,,,,,,,,,,
,Properties,Metric,Imperial,,,,,,,,,,
,"Tensile strength, ultimate",372-517 MPa,54000-75000 psi,,,,,,,,,,
,"Tensile strength, yield (depending on temper)",88.0-483 MPa,12800-70100 psi,,,,,,,,,,
,Elongation at break (in 381 mm),45.0%,45.0%,,,,,,,,,,
,Charpy impact,107 J,78.9 ft-lb,,,,,,,,,,
,Machinability (UNS C36000 (free-cutting brass) = 100%),20%,20%,,,,,,,,,,
,Shear modulus,57.0 GPa,8270 ksi,,,,,,,,,,
,Poisson's ratio,0.34,0.34,,,,,,,,,,
,Elastic modulus,150 GPa,21800 ksi,,,,,,,,,,
,,,,,,,,,,,,,
,TAB 4 — PHYSICAL PROPERTIES:  Physical Properties of ASTM B171 Cu-Ni 70/30 Pipe Fittings,,,,,,,,,,,,
,Properties,Metric,Imperial,,,,,,,,,,
,Density,8.94 g/cm³,0.323 lb/in³,,,,,,,,,,
,Melting point,2140°F,1171°C,,,,,,,,,,
,,,,,,,,,,,,,
,TAB 5 — CERTIFIED APPLICATION INDUSTRIES,,,,,,,,,,,,
,1.  Petrochemical Industry,,,,,,,,,,,,
,2.  Oil and Gas Industry,,,,,,,,,,,,
,3.  Chemical Industry,,,,,,,,,,,,
,4.  Power Plant Industry,,,,,,,,,,,,
,5.  Energy Industry,,,,,,,,,,,,
,6.  Pharmaceuticals Industry,,,,,,,,,,,,
,7.  Pulp & Paper Industry,,,,,,,,,,,,
,8.  Food Processing Industry,,,,,,,,,,,,
,9.  Aerospace Industry,,,,,,,,,,,,
,10.  Refining Industry,,,,,,,,,,,,
,,,,,,,,,,,,,
,MANUFACTURING STANDARDS & SPECIFICATION:  Specification of Copper Nickel 70/30 Buttweld Fittings,,,,,,,,,,,,
,Specifications,"ASTM B122, B171, B466, B467",,,,,,,,,,,
,Dimensions,"ASME/ANSI B16.9, ASME B16.28, MSS-SP-43, BS4504, BS4504, BS1560, BS10 ASME 16.11, MSS SP-79, 83, 95, 97, BS 3799",,,,,,,,,,,
,Size,"Seamless Butt Weld Fittings : 1/2"" - 10"" | Welded Butt Weld Fittings : 1/2"" - 48""",,,,,,,,,,,
,Schedule,"SCH10, SCH20, SCH30, STD SCH40, SCH60, XS, SCH 80, SCH 100, SCH 120, SCH 140, SCH 160, XXS available with NACE MR 01-75",,,,,,,,,,,
,Bending Radius,"R=1D, 2D, 3D, 5D, 6D, 8D, 10D or Custom",,,,,,,,,,,
,Type,Seamless / ERW / Welded / Fabricated,,,,,,,,,,,
,Thickness,"20 Swg., 18 Swg., 16 Swg., 14 Swg., 12 Swg., 10 Swg., & Sch. 10, Sch. 40, Sch. 80 etc.",,,,,,,,,,,
,,,,,,,,,,,,,
,,,,,,,,,,,,,
,,,,,,,,,,,,,
,19.  Copper Nickel 90/10 Buttweld Fittings,,,,,,,,,,,,
,Product ID,copper-nickel-alloy-90-10-buttweld-fittings,,,,,,,,,,,
,Sub-Category,Copper Nickel Buttweld Fittings,,,,,,,,,,,
,Card Spec Chips,ASME SB122  |  UNS C70600  |  W.Nr. 2.0872,,,,,,,,,,,
,Image File,/images/products/copper-nickel-alloy-90-10-buttweld-fittings.jpg,,,,,,,,,,,
,Price Shown (INR/Kg),₹1650 INR / Kg,,,,,,,,,,,
,Data Source,PUBLISHED — real spec tables (Copper Nickel 90/10 Buttweld Fittings),,,,,,,,,,,
,Source Reference,https://www.champaksteel.com/copper-nickel-alloy-90-10-buttweld-fittings-manufacturer-exporter.html,,,,,,,,,,,
,Live Page,https://jyothi-metals.vercel.app/product-detail?id=copper-nickel-alloy-90-10-buttweld-fittings,,,,,,,,,,,
,,,,,,,,,,,,,
,TAB 1 — EQUIVALENT GRADES:  Copper Nickel 90/10 ASTM B122 Buttweld Fittings Equivalent Grades,,,,,,,,,,,,
,STANDARD,UNS,WNR.,,,,,,,,,,
,Copper Nickel 90/10,C70600,2.0872,,,,,,,,,,
,,,,,,,,,,,,,
,TAB 2 — CHEMICAL COMPOSITION:  Chemical Composition of Copper Nickel 90/10 Seamless and Welded Pipe Fittings,,,,,,,,,,,,
,Grade,Cu,Mn,Pb,Ni,Fe,Zn,,,,,,
,Cu-Ni 90-10,88.6 min,1.0 max,.05 max,9-11 max,1.8 max,1 max,,,,,,
,,,,,,,,,,,,,
,TAB 3 — MECHANICAL PROPERTIES:  Mechanical Properties Of ASME SB122 Copper Nickel 90/10 Buttweld Pipe Fittings,,,,,,,,,,,,
,Properties,Metric,Imperial,,,,,,,,,,
,"Tensile strength, ultimate",303-414 MPa,43900-60000 psi,,,,,,,,,,
,"Tensile strength, yield (depending on temper)",110-393 MPa,16000-57000 psi,,,,,,,,,,
,Elongation at break (in 254 mm),42.00%,42.00%,,,,,,,,,,
,Machinability (UNS C36000 (free-cutting brass) = 100%),20%,20%,,,,,,,,,,
,Shear modulus,52.0 GPa,7540 ksi,,,,,,,,,,
,Poisson's ratio,0.34,0.34,,,,,,,,,,
,Elastic modulus,140 GPa,20300 ksi,,,,,,,,,,
,,,,,,,,,,,,,
,TAB 4 — PHYSICAL PROPERTIES:  Physical Properties of ASTM B171 Cu-Ni 90/10 Pipe Fittings,,,,,,,,,,,,
,Properties,Metric,Imperial,,,,,,,,,,
,Density,8.94 g/cm³,0.323 lb/in³,,,,,,,,,,
,,,,,,,,,,,,,
,TAB 5 — CERTIFIED APPLICATION INDUSTRIES,,,,,,,,,,,,
,1.  Petrochemical Industry,,,,,,,,,,,,
,2.  Oil and Gas Industry,,,,,,,,,,,,
,3.  Chemical Industry,,,,,,,,,,,,
,4.  Power Plant Industry,,,,,,,,,,,,
,5.  Energy Industry,,,,,,,,,,,,
,6.  Pharmaceuticals Industry,,,,,,,,,,,,
,7.  Pulp & Paper Industry,,,,,,,,,,,,
,8.  Food Processing Industry,,,,,,,,,,,,
,9.  Aerospace Industry,,,,,,,,,,,,
,10.  Refining Industry,,,,,,,,,,,,
,,,,,,,,,,,,,
,MANUFACTURING STANDARDS & SPECIFICATION:  Specification of Copper Nickel 90/10 Buttweld Fittings,,,,,,,,,,,,
,Specifications,"ASTM B122, B171, B466, B467",,,,,,,,,,,
,Dimensions,"ASME/ANSI B16.9, ASME B16.28, MSS-SP-43, BS4504, BS4504, BS1560, BS10 ASME 16.11, MSS SP-79, 83, 95, 97, BS 3799",,,,,,,,,,,
,Size,"Seamless Butt Weld Fittings : 1/2"" - 10"" | Welded Butt Weld Fittings : 1/2"" - 48""",,,,,,,,,,,
,Schedule,"SCH10, SCH20, SCH30, STD SCH40, SCH60, XS, SCH 80, SCH 100, SCH 120, SCH 140, SCH 160, XXS available with NACE MR 01-75",,,,,,,,,,,
,Bending Radius,"R=1D, 2D, 3D, 5D, 6D, 8D, 10D or Custom",,,,,,,,,,,
,Type,Seamless / ERW / Welded / Fabricated,,,,,,,,,,,
,Thickness,"20 Swg., 18 Swg., 16 Swg., 14 Swg., 12 Swg., 10 Swg., & Sch. 10, Sch. 40, Sch. 80 etc.",,,,,,,,,,,
,,,,,,,,,,,,,
,,,,,,,,,,,,,
,,,,,,,,,,,,,
,20.  Titanium Alloy Buttweld Fittings,,,,,,,,,,,,
,Product ID,titanium-alloys-buttweld-fittings,,,,,,,,,,,
,Sub-Category,Titanium Buttweld Fittings,,,,,,,,,,,
,Card Spec Chips,ASTM B363  |  UNS R50250  |  W.Nr. 3.7025,,,,,,,,,,,
,Image File,/images/products/titanium-alloys-buttweld-fittings.jpg,,,,,,,,,,,
,Price Shown (INR/Kg),₹1850 INR / Kg,,,,,,,,,,,
,Data Source,PUBLISHED — real spec tables (Titanium Gr 1/2/5/9 Buttweld Fittings),,,,,,,,,,,
,Source Reference,https://www.champaksteel.com/titanium-alloys-buttweld-fittings-manufacturer-exporter.html,,,,,,,,,,,
,Live Page,https://jyothi-metals.vercel.app/product-detail?id=titanium-alloys-buttweld-fittings,,,,,,,,,,,
,,,,,,,,,,,,,
,TAB 1 — EQUIVALENT GRADES:  Grade 1 / 2 / 5 / 9 Titanium ASTM B363 Buttweld Fittings Equivalent Grades,,,,,,,,,,,,
,STANDARD,UNS,WNR.,,,,,,,,,,
,Titanium Gr 1,R50250,3.7025,,,,,,,,,,
,Titanium Gr 2,R50400,3.7035,,,,,,,,,,
,Titanium Gr 5,R56400,3.7165,,,,,,,,,,
,Titanium Gr 9,R56320,-,,,,,,,,,,
,,,,,,,,,,,,,
,TAB 2 — CHEMICAL COMPOSITION:  Chemical Composition of Titanium Alloy Seamless and Welded Pipe Fittings,,,,,,,,,,,,
,Grade,C,N,O,H,Ti,Fe,,,,,,
,Ti Gr 1,0.10 max,0.03 max,0.18 max,0.015 max,Bal,0.20 max,,,,,,
,Ti Gr 2,0.10 max,0.03 max,0.25 max,0.015 max,Bal,0.30 max,,,,,,
,Ti Gr 5,0.10 max,0.05 max,0.20 max,0.015 max,Bal,0.40 max,,,,,,
,Ti Gr 9,≤ 0.050,≤ 0.030,≤ 0.15,≤ 0.015,92.755 - 95.5,≤ 0.20,,,,,,
,,,,,,,,,,,,,
,TAB 3 — MECHANICAL PROPERTIES:  Mechanical Properties Of ASME SB363 Titanium Buttweld Pipe Fittings,,,,,,,,,,,,
,Tensile strength (min),,,0.2% yield strength (min),,,,,,,,,
,Designation,MPa,ksi,MPa,ksi,,,,,,,,
,Unalloyed grades,,,,,,,,,,,,
,grade 1,240,35,170,25,,,,,,,,
,grade 2,340,50,280,40,,,,,,,,
,grade 5,920,134,866,126,,,,,,,,
,grade 9,620,-,530,-,,,,,,,,
,,,,,,,,,,,,,
,TAB 4 — PHYSICAL PROPERTIES:  not on the source page — section omitted on site,,,,,,,,,,,,
,,,,,,,,,,,,,
,TAB 5 — CERTIFIED APPLICATION INDUSTRIES,,,,,,,,,,,,
,1.  Petrochemical Industry,,,,,,,,,,,,
,2.  Oil and Gas Industry,,,,,,,,,,,,
,3.  Chemical Industry,,,,,,,,,,,,
,4.  Power Plant Industry,,,,,,,,,,,,
,5.  Energy Industry,,,,,,,,,,,,
,6.  Pharmaceuticals Industry,,,,,,,,,,,,
,7.  Pulp & Paper Industry,,,,,,,,,,,,
,8.  Food Processing Industry,,,,,,,,,,,,
,9.  Aerospace Industry,,,,,,,,,,,,
,10.  Refining Industry,,,,,,,,,,,,
,,,,,,,,,,,,,
,MANUFACTURING STANDARDS & SPECIFICATION:  Specification of Titanium Alloy Buttweld Fittings,,,,,,,,,,,,
,Specifications,ASTM B363 / ASME SB363,,,,,,,,,,,
,Dimensions,"ASME/ANSI B16.9, ASME B16.28, MSS-SP-43, BS4504, BS4504, BS1560, BS10 ASME 16.11, MSS SP-79, 83, 95, 97, BS 3799",,,,,,,,,,,
,Size,"Seamless Butt Weld Fittings : 1/2"" - 10"" | Welded Butt Weld Fittings : 1/2"" - 48""",,,,,,,,,,,
,Schedule,"SCH10, SCH20, SCH30, STD SCH40, SCH60, XS, SCH 80, SCH 100, SCH 120, SCH 140, SCH 160, XXS available with NACE MR 01-75",,,,,,,,,,,
,Bending Radius,"R=1D, 2D, 3D, 5D, 6D, 8D, 10D or Custom",,,,,,,,,,,
,Type,Seamless / ERW / Welded / Fabricated,,,,,,,,,,,
,Thickness,"20 Swg., 18 Swg., 16 Swg., 14 Swg., 12 Swg., 10 Swg., & Sch. 10, Sch. 40, Sch. 80 etc.",,,,,,,,,,,